angle_deg,kVp,distance_cm,noise_level,blur_sigma,MSE,SSIM,GradientError,GradientEntropy_ref,GradientEntropy_test,image_path
0,50,80,0.0,0.0,0.0013785050838241784,0.8027473932073483,0.017154531889169662,1.2265954737895086,0.8095594998122381,results\images\proj_angle0_kvp50_dist80_noise0.0_blur0.0.npy
0,50,80,0.0,1.0,0.00155555855113,0.8003309366046264,0.025571346729132687,1.2265954737895086,0.8602930876416771,results\images\proj_angle0_kvp50_dist80_noise0.0_blur1.0.npy
0,50,80,0.0,2.0,0.001655925216584381,0.8002286115369743,0.03165557272319086,1.2265954737895086,0.9140275263269575,results\images\proj_angle0_kvp50_dist80_noise0.0_blur2.0.npy
0,50,80,0.3,0.0,0.0013786441753268824,0.8027361136084598,0.01709477791890817,1.2265954737895086,0.8331364621749937,results\images\proj_angle0_kvp50_dist80_noise0.3_blur0.0.npy
0,50,80,0.3,1.0,0.0015558907576854442,0.8002878210708975,0.02556457142106732,1.2265954737895086,0.8655647056051761,results\images\proj_angle0_kvp50_dist80_noise0.3_blur1.0.npy
0,50,80,0.3,2.0,0.0016562772123366188,0.8002293907344237,0.03166119675468937,1.2265954737895086,0.9297955023512898,results\images\proj_angle0_kvp50_dist80_noise0.3_blur2.0.npy
0,50,80,0.6,0.0,0.0013786212423196808,0.8027425782451809,0.017051381351967272,1.2265954737895086,0.8451876813924878,results\images\proj_angle0_kvp50_dist80_noise0.6_blur0.0.npy
0,50,80,0.6,1.0,0.0015550130068036506,0.8003501090419362,0.0255497681066975,1.2265954737895086,0.8682655798146898,results\images\proj_angle0_kvp50_dist80_noise0.6_blur1.0.npy
0,50,80,0.6,2.0,0.001656343050978019,0.8001877899542189,0.0316600254029179,1.2265954737895086,0.9320228830746737,results\images\proj_angle0_kvp50_dist80_noise0.6_blur2.0.npy
0,50,100,0.0,0.0,0.0013094970873426808,0.8606974693209185,0.015166930464602046,1.2265954737895086,0.836332331134527,results\images\proj_angle0_kvp50_dist100_noise0.0_blur0.0.npy
0,50,100,0.0,1.0,0.0012541824436036347,0.8553132760499592,0.01842925894061409,1.2265954737895086,1.114517719725611,results\images\proj_angle0_kvp50_dist100_noise0.0_blur1.0.npy
0,50,100,0.0,2.0,0.0014069887153348268,0.848765087673588,0.032058214763765136,1.2265954737895086,1.4357864898109498,results\images\proj_angle0_kvp50_dist100_noise0.0_blur2.0.npy
0,50,100,0.3,0.0,0.0013118100687393103,0.8588203812659598,0.018444851040030026,1.2265954737895086,0.8424864571120433,results\images\proj_angle0_kvp50_dist100_noise0.3_blur0.0.npy
0,50,100,0.3,1.0,0.0012539212657930968,0.8552180685758524,0.019334764704212554,1.2265954737895086,1.1341334464307062,results\images\proj_angle0_kvp50_dist100_noise0.3_blur1.0.npy
0,50,100,0.3,2.0,0.0014075969798346603,0.8487696891191844,0.032332891338158934,1.2265954737895086,1.4589824537610998,results\images\proj_angle0_kvp50_dist100_noise0.3_blur2.0.npy
0,50,100,0.6,0.0,0.0013154743495591107,0.8574242607924233,0.019476236620440186,1.2265954737895086,0.8570655640765904,results\images\proj_angle0_kvp50_dist100_noise0.6_blur0.0.npy
0,50,100,0.6,1.0,0.0012549014957314942,0.8551331511622415,0.019615670068133556,1.2265954737895086,1.1333744602810754,results\images\proj_angle0_kvp50_dist100_noise0.6_blur1.0.npy
0,50,100,0.6,2.0,0.001406409830109501,0.8488050536309817,0.03240786973485636,1.2265954737895086,1.4645533941932047,results\images\proj_angle0_kvp50_dist100_noise0.6_blur2.0.npy
0,50,120,0.0,0.0,0.03676687737585713,0.8763050543852439,0.014077744267167569,1.2265954737895086,1.0469553687201385,results\images\proj_angle0_kvp50_dist120_noise0.0_blur0.0.npy
0,50,120,0.0,1.0,0.037212592583019136,0.8700985458515134,0.024287990200408574,1.2265954737895086,1.4558310485797021,results\images\proj_angle0_kvp50_dist120_noise0.0_blur1.0.npy
0,50,120,0.0,2.0,0.03813509977410871,0.8636746084279796,0.03505006991929928,1.2265954737895086,1.8992755707415139,results\images\proj_angle0_kvp50_dist120_noise0.0_blur2.0.npy
0,50,120,0.3,0.0,0.03677278339434001,0.8747293066063235,0.019088267275659994,1.2265954737895086,1.1844300733818809,results\images\proj_angle0_kvp50_dist120_noise0.3_blur0.0.npy
0,50,120,0.3,1.0,0.037215924547469054,0.8699299122371253,0.025827729789385915,1.2265954737895086,1.4770788678933848,results\images\proj_angle0_kvp50_dist120_noise0.3_blur1.0.npy
0,50,120,0.3,2.0,0.03813575953065676,0.8636196142610182,0.03547972286097298,1.2265954737895086,1.925539620727199,results\images\proj_angle0_kvp50_dist120_noise0.3_blur2.0.npy
0,50,120,0.6,0.0,0.03677014357628715,0.873684240031815,0.020622851374109057,1.2265954737895086,1.3295559196579483,results\images\proj_angle0_kvp50_dist120_noise0.6_blur0.0.npy
0,50,120,0.6,1.0,0.037217405413947996,0.869712255126463,0.02633799054335355,1.2265954737895086,1.4923245114886217,results\images\proj_angle0_kvp50_dist120_noise0.6_blur1.0.npy
0,50,120,0.6,2.0,0.03814206144908086,0.863640877128807,0.03563123530638472,1.2265954737895086,1.9260386422335287,results\images\proj_angle0_kvp50_dist120_noise0.6_blur2.0.npy
0,60,80,0.0,0.0,0.0006900146360130767,0.9002156311974477,0.019865617836736404,1.2265954737895086,1.0516716102506267,results\images\proj_angle0_kvp60_dist80_noise0.0_blur0.0.npy
0,60,80,0.0,1.0,0.0010936611417003837,0.8951068217084999,0.02715565854305426,1.2265954737895086,1.0430039730761715,results\images\proj_angle0_kvp60_dist80_noise0.0_blur1.0.npy
0,60,80,0.0,2.0,0.0015065304313894548,0.8919265401954826,0.032636303722921436,1.2265954737895086,1.1050839831868464,results\images\proj_angle0_kvp60_dist80_noise0.0_blur2.0.npy
0,60,80,0.3,0.0,0.0006910143417837802,0.9001903248295691,0.01980991581873246,1.2265954737895086,1.096910902880593,results\images\proj_angle0_kvp60_dist80_noise0.3_blur0.0.npy
0,60,80,0.3,1.0,0.0010938233817374024,0.8951212505719294,0.027157556531469562,1.2265954737895086,1.0306595261865519,results\images\proj_angle0_kvp60_dist80_noise0.3_blur1.0.npy
0,60,80,0.3,2.0,0.0015066908572134643,0.8919366651409427,0.032638437899033465,1.2265954737895086,1.1068675781689414,results\images\proj_angle0_kvp60_dist80_noise0.3_blur2.0.npy
0,60,80,0.6,0.0,0.0006902760081903482,0.900122845256375,0.019745189488092348,1.2265954737895086,1.10965537860589,results\images\proj_angle0_kvp60_dist80_noise0.6_blur0.0.npy
0,60,80,0.6,1.0,0.0010939548674840293,0.895055953282401,0.027142650369593797,1.2265954737895086,1.0316368751695573,results\images\proj_angle0_kvp60_dist80_noise0.6_blur1.0.npy
0,60,80,0.6,2.0,0.0015062002548090789,0.8919485269842632,0.03262901509569444,1.2265954737895086,1.1069081510460645,results\images\proj_angle0_kvp60_dist80_noise0.6_blur2.0.npy
0,60,100,0.0,0.0,0.0003288353510366146,0.9610243298238964,0.006951598759769695,1.2265954737895086,1.0333430359321487,results\images\proj_angle0_kvp60_dist100_noise0.0_blur0.0.npy
0,60,100,0.0,1.0,0.000399052661373524,0.954313810973417,0.01630313606801792,1.2265954737895086,1.3576614898109498,results\images\proj_angle0_kvp60_dist100_noise0.0_blur1.0.npy
0,60,100,0.0,2.0,0.000697549781528589,0.9445577580730478,0.030472746620944235,1.2265954737895086,1.7426178273545798,results\images\proj_angle0_kvp60_dist100_noise0.0_blur2.0.npy
0,60,100,0.3,0.0,0.0003320220024926799,0.9590862736443593,0.01027228588942953,1.2265954737895086,1.0750969807558701,results\images\proj_angle0_kvp60_dist100_noise0.3_blur0.0.npy
0,60,100,0.3,1.0,0.0003992334842127859,0.9541952801265682,0.01722176589624109,1.2265954737895086,1.3588495147034327,results\images\proj_angle0_kvp60_dist100_noise0.3_blur1.0.npy
0,60,100,0.3,2.0,0.0006971913688670576,0.9445464877990944,0.03073906814051751,1.2265954737895086,1.7702507891393717,results\images\proj_angle0_kvp60_dist100_noise0.3_blur2.0.npy
0,60,100,0.6,0.0,0.000334303155035589,0.9575717785520428,0.011393244079061619,1.2265954737895086,1.0957940286546846,results\images\proj_angle0_kvp60_dist100_noise0.6_blur0.0.npy
0,60,100,0.6,1.0,0.00039937485407496416,0.9541428680572258,0.01752966938939581,1.2265954737895086,1.3617488010920917,results\images\proj_angle0_kvp60_dist100_noise0.6_blur1.0.npy
0,60,100,0.6,2.0,0.0006977085479563468,0.9445830659125585,0.03085931074854475,1.2265954737895086,1.775904368295764,results\images\proj_angle0_kvp60_dist100_noise0.6_blur2.0.npy
0,60,120,0.0,0.0,0.035838158393533215,0.9550037810545404,0.013989795839990805,1.2265954737895086,1.3952828700284658,results\images\proj_angle0_kvp60_dist120_noise0.0_blur0.0.npy
0,60,120,0.0,1.0,0.03629534096649066,0.9477379226879028,0.023141446181155774,1.2265954737895086,1.71942578184093,results\images\proj_angle0_kvp60_dist120_noise0.0_blur1.0.npy
0,60,120,0.0,2.0,0.037226211691671354,0.9378252129228221,0.034084026657258015,1.2265954737895086,2.3339714855966394,results\images\proj_angle0_kvp60_dist120_noise0.0_blur2.0.npy
0,60,120,0.3,0.0,0.0358493972003167,0.9534469510151724,0.01915764048929149,1.2265954737895086,1.542166897436499,results\images\proj_angle0_kvp60_dist120_noise0.3_blur0.0.npy
0,60,120,0.3,1.0,0.03629557437940481,0.9475596903557361,0.02470551936401088,1.2265954737895086,1.7441740355094326,results\images\proj_angle0_kvp60_dist120_noise0.3_blur1.0.npy
0,60,120,0.3,2.0,0.03723053869017805,0.9377811782661439,0.03455486829854028,1.2265954737895086,2.3361753731078654,results\images\proj_angle0_kvp60_dist120_noise0.3_blur2.0.npy
0,60,120,0.6,0.0,0.035849792979675804,0.9522528456141904,0.020897141323369867,1.2265954737895086,1.6877657237299712,results\images\proj_angle0_kvp60_dist120_noise0.6_blur0.0.npy
0,60,120,0.6,1.0,0.03630021585316746,0.9474624894869913,0.025219705528504874,1.2265954737895086,1.7530033122166269,results\images\proj_angle0_kvp60_dist120_noise0.6_blur1.0.npy
0,60,120,0.6,2.0,0.0372310182421998,0.9377629647039457,0.034677967903773435,1.2265954737895086,2.3349406465887688,results\images\proj_angle0_kvp60_dist120_noise0.6_blur2.0.npy
0,70,80,0.0,0.0,0.0008417237890094148,0.9696857869867858,0.022298583395618694,1.2265954737895086,1.2866976470942397,results\images\proj_angle0_kvp70_dist80_noise0.0_blur0.0.npy
0,70,80,0.0,1.0,0.001391001158337827,0.9630093647220497,0.028926388162457628,1.2265954737895086,1.1813560360806385,results\images\proj_angle0_kvp70_dist80_noise0.0_blur1.0.npy
0,70,80,0.0,2.0,0.0020222583511520257,0.9577739371833457,0.0342791293644361,1.2265954737895086,1.299944478082215,results\images\proj_angle0_kvp70_dist80_noise0.0_blur2.0.npy
0,70,80,0.3,0.0,0.0008421263320605171,0.9696304854824185,0.022301295730387704,1.2265954737895086,1.3237044173407053,results\images\proj_angle0_kvp70_dist80_noise0.3_blur0.0.npy
0,70,80,0.3,1.0,0.0013912457112398122,0.962965864741175,0.028944270744297226,1.2265954737895086,1.2066607720478568,results\images\proj_angle0_kvp70_dist80_noise0.3_blur1.0.npy
0,70,80,0.3,2.0,0.002022223360551447,0.9577749768496194,0.03427821203625126,1.2265954737895086,1.303586173517664,results\images\proj_angle0_kvp70_dist80_noise0.3_blur2.0.npy
0,70,80,0.6,0.0,0.0008424855178108847,0.9695387283341594,0.02233318464407414,1.2265954737895086,1.3355231783052262,results\images\proj_angle0_kvp70_dist80_noise0.6_blur0.0.npy
0,70,80,0.6,1.0,0.0013909172589421552,0.9629978010071734,0.02893680094601045,1.2265954737895086,1.209881465230536,results\images\proj_angle0_kvp70_dist80_noise0.6_blur1.0.npy
0,70,80,0.6,2.0,0.002023213098678223,0.957766214500431,0.03428857200065535,1.2265954737895086,1.3018712631834815,results\images\proj_angle0_kvp70_dist80_noise0.6_blur2.0.npy
0,70,100,0.0,0.0,0.0,1.0,0.0,1.2265954737895086,1.2265954737895086,results\images\proj_angle0_kvp70_dist100_noise0.0_blur0.0.npy
0,70,100,0.0,1.0,0.0001525032643971567,0.9921728034013706,0.015672218425606843,1.2265954737895086,1.5701526006604545,results\images\proj_angle0_kvp70_dist100_noise0.0_blur1.0.npy
0,70,100,0.0,2.0,0.0005551678228663702,0.9792939086530166,0.030804999136307742,1.2265954737895086,2.0866879225973527,results\images\proj_angle0_kvp70_dist100_noise0.0_blur2.0.npy
0,70,100,0.3,0.0,3.1871048677521258e-06,0.9979938554574197,0.004693804694971096,1.2265954737895086,1.2829264940867449,results\images\proj_angle0_kvp70_dist100_noise0.3_blur0.0.npy
0,70,100,0.3,1.0,0.000152938066066439,0.9920563442020757,0.01666263282062664,1.2265954737895086,1.5874664475733822,results\images\proj_angle0_kvp70_dist100_noise0.3_blur1.0.npy
0,70,100,0.3,2.0,0.0005553934565429226,0.9792793482817597,0.031075039048681283,1.2265954737895086,2.0902523039747276,results\images\proj_angle0_kvp70_dist100_noise0.3_blur2.0.npy
0,70,100,0.6,0.0,5.734777682503536e-06,0.9963778716970685,0.006279930802591524,1.2265954737895086,1.3140866009587502,results\images\proj_angle0_kvp70_dist100_noise0.6_blur0.0.npy
0,70,100,0.6,1.0,0.00015312362398871954,0.991956987946535,0.017006594001235054,1.2265954737895086,1.592824858342224,results\images\proj_angle0_kvp70_dist100_noise0.6_blur1.0.npy
0,70,100,0.6,2.0,0.0005548987893613428,0.9793051830565243,0.031158786653447415,1.2265954737895086,2.090382474353778,results\images\proj_angle0_kvp70_dist100_noise0.6_blur2.0.npy
0,70,120,0.0,0.0,0.035419936716555855,0.9548170954690876,0.016313274512489602,1.2265954737895086,1.6007373391489619,results\images\proj_angle0_kvp70_dist120_noise0.0_blur0.0.npy
0,70,120,0.0,1.0,0.0358764629173237,0.9466883681736746,0.024233581744563533,1.2265954737895086,2.0212854361761714,results\images\proj_angle0_kvp70_dist120_noise0.0_blur1.0.npy
0,70,120,0.0,2.0,0.036801137259280095,0.9337258241434346,0.035246130078688584,1.2265954737895086,2.537273725158603,results\images\proj_angle0_kvp70_dist120_noise0.0_blur2.0.npy
0,70,120,0.3,0.0,0.03542050655135599,0.9532030824932772,0.021599612280775372,1.2265954737895086,1.772535633348094,results\images\proj_angle0_kvp70_dist120_noise0.3_blur0.0.npy
0,70,120,0.3,1.0,0.03587876128493019,0.9464861769530976,0.02585280000532103,1.2265954737895086,2.056209745820476,results\images\proj_angle0_kvp70_dist120_noise0.3_blur1.0.npy
0,70,120,0.3,2.0,0.0367980769397985,0.9336839065571886,0.03569340941789008,1.2265954737895086,2.5593569960599334,results\images\proj_angle0_kvp70_dist120_noise0.3_blur2.0.npy
0,70,120,0.6,0.0,0.035419269145871526,0.9519736449917349,0.023409143354692588,1.2265954737895086,1.928962378155281,results\images\proj_angle0_kvp70_dist120_noise0.6_blur0.0.npy
0,70,120,0.6,1.0,0.03588209706750155,0.9463142754178056,0.02633481975923754,1.2265954737895086,2.074011219134727,results\images\proj_angle0_kvp70_dist120_noise0.6_blur1.0.npy
0,70,120,0.6,2.0,0.03678940934900339,0.9337155922213453,0.035864954171322905,1.2265954737895086,2.5723786130167445,results\images\proj_angle0_kvp70_dist120_noise0.6_blur2.0.npy
0,80,80,0.0,0.0,0.00188257282552201,0.9750232118268884,0.025991646233046062,1.2265954737895086,1.4244152496537823,results\images\proj_angle0_kvp80_dist80_noise0.0_blur0.0.npy
0,80,80,0.0,1.0,0.0022942990730829846,0.9706914278823001,0.03025309335323831,1.2265954737895086,1.4436696677233396,results\images\proj_angle0_kvp80_dist80_noise0.0_blur1.0.npy
0,80,80,0.0,2.0,0.0030680351269362248,0.9641038425061313,0.035062505542195005,1.2265954737895086,1.5915973193156217,results\images\proj_angle0_kvp80_dist80_noise0.0_blur2.0.npy
0,80,80,0.3,0.0,0.0018842511349294682,0.9748862782269198,0.026272314292392955,1.2265954737895086,1.4938035881979774,results\images\proj_angle0_kvp80_dist80_noise0.3_blur0.0.npy
0,80,80,0.3,1.0,0.002295044644592934,0.970667296317348,0.03028865765276517,1.2265954737895086,1.455858719016913,results\images\proj_angle0_kvp80_dist80_noise0.3_blur1.0.npy
0,80,80,0.3,2.0,0.003067658328255555,0.9641075402711665,0.035061911606389884,1.2265954737895086,1.5932148313031345,results\images\proj_angle0_kvp80_dist80_noise0.3_blur2.0.npy
0,80,80,0.6,0.0,0.0018828330649818294,0.9748299505893642,0.026409545410761372,1.2265954737895086,1.5112422115410866,results\images\proj_angle0_kvp80_dist80_noise0.6_blur0.0.npy
0,80,80,0.6,1.0,0.0022942923919062547,0.9706641364383728,0.03029874891315957,1.2265954737895086,1.4663224667520782,results\images\proj_angle0_kvp80_dist80_noise0.6_blur1.0.npy
0,80,80,0.6,2.0,0.0030672413001440278,0.964094650980379,0.035058814822486226,1.2265954737895086,1.5922688584400961,results\images\proj_angle0_kvp80_dist80_noise0.6_blur2.0.npy
0,80,100,0.0,0.0,0.0003220633098724878,0.9658113760382563,0.00602756738953758,1.2265954737895086,1.4079505572911115,results\images\proj_angle0_kvp80_dist100_noise0.0_blur0.0.npy
0,80,100,0.0,1.0,0.0005291479274778862,0.9574264505381044,0.01789290150918532,1.2265954737895086,1.7863995059295374,results\images\proj_angle0_kvp80_dist100_noise0.0_blur1.0.npy
0,80,100,0.0,2.0,0.0010054865117943078,0.9426897558073121,0.0327137642307207,1.2265954737895086,2.342233999313198,results\images\proj_angle0_kvp80_dist100_noise0.0_blur2.0.npy
0,80,100,0.3,0.0,0.0003256606363947226,0.9636144045012964,0.009883725504081273,1.2265954737895086,1.4630915594393006,results\images\proj_angle0_kvp80_dist100_noise0.3_blur0.0.npy
0,80,100,0.3,1.0,0.0005294776859692408,0.9573041499690587,0.01887530791342188,1.2265954737895086,1.809022275297401,results\images\proj_angle0_kvp80_dist100_noise0.3_blur1.0.npy
0,80,100,0.3,2.0,0.001005138321652472,0.942661838338156,0.03298336400334985,1.2265954737895086,2.346948478087537,results\images\proj_angle0_kvp80_dist100_noise0.3_blur2.0.npy
0,80,100,0.6,0.0,0.0003279972977299118,0.9621564178369378,0.011201332207369711,1.2265954737895086,1.4975124428325568,results\images\proj_angle0_kvp80_dist100_noise0.6_blur0.0.npy
0,80,100,0.6,1.0,0.000529477943905567,0.9572265743314672,0.019176948362938744,1.2265954737895086,1.8138923863264969,results\images\proj_angle0_kvp80_dist100_noise0.6_blur1.0.npy
0,80,100,0.6,2.0,0.0010063148951153938,0.9426165038313837,0.033106208177910615,1.2265954737895086,2.3535470131299885,results\images\proj_angle0_kvp80_dist100_noise0.6_blur2.0.npy
0,80,120,0.0,0.0,0.035479413838748655,0.8871719553600388,0.0203370366498311,1.2265954737895086,1.813404706631405,results\images\proj_angle0_kvp80_dist120_noise0.0_blur0.0.npy
0,80,120,0.0,1.0,0.035928596136899166,0.8790406045532925,0.027106228677097062,1.2265954737895086,2.2795601449596665,results\images\proj_angle0_kvp80_dist120_noise0.0_blur1.0.npy
0,80,120,0.0,2.0,0.03683802320238341,0.8652904659465074,0.03716656970283627,1.2265954737895086,2.6894849581423927,results\images\proj_angle0_kvp80_dist120_noise0.0_blur2.0.npy
0,80,120,0.3,0.0,0.03547144670345887,0.8855551749139633,0.025657633765542216,1.2265954737895086,2.0464890325166034,results\images\proj_angle0_kvp80_dist120_noise0.3_blur0.0.npy
0,80,120,0.3,1.0,0.035923764412560164,0.8788903222408461,0.02869466204267028,1.2265954737895086,2.3121292013007637,results\images\proj_angle0_kvp80_dist120_noise0.3_blur1.0.npy
0,80,120,0.3,2.0,0.03682967349635971,0.8652947518555029,0.037626687443367654,1.2265954737895086,2.7262821611182426,results\images\proj_angle0_kvp80_dist120_noise0.3_blur2.0.npy
0,80,120,0.6,0.0,0.035480426173926646,0.8844081290542938,0.02733095878236168,1.2265954737895086,2.178949625267723,results\images\proj_angle0_kvp80_dist120_noise0.6_blur0.0.npy
0,80,120,0.6,1.0,0.03593170756708974,0.8786549873108771,0.029255830920726714,1.2265954737895086,2.3387561776499184,results\images\proj_angle0_kvp80_dist120_noise0.6_blur1.0.npy
0,80,120,0.6,2.0,0.03684467120053366,0.8652378878268506,0.037756679868238725,1.2265954737895086,2.7393420354136615,results\images\proj_angle0_kvp80_dist120_noise0.6_blur2.0.npy
0,90,80,0.0,0.0,0.003697644798558015,0.9247966871677601,0.030711549916903766,1.2265954737895086,1.6334789151515494,results\images\proj_angle0_kvp90_dist80_noise0.0_blur0.0.npy
0,90,80,0.0,1.0,0.004024464410255543,0.9219809591075439,0.03286036532064071,1.2265954737895086,1.7383850505846268,results\images\proj_angle0_kvp90_dist80_noise0.0_blur1.0.npy
0,90,80,0.0,2.0,0.0049458512079345665,0.9142252856767068,0.037803127331112435,1.2265954737895086,1.8906701032897593,results\images\proj_angle0_kvp90_dist80_noise0.0_blur2.0.npy
0,90,80,0.3,0.0,0.0036980031856225634,0.9246573283388824,0.030917666868161765,1.2265954737895086,1.717314480091061,results\images\proj_angle0_kvp90_dist80_noise0.3_blur0.0.npy
0,90,80,0.3,1.0,0.004024108561791416,0.9219822476084075,0.03289812514554695,1.2265954737895086,1.7554497250622814,results\images\proj_angle0_kvp90_dist80_noise0.3_blur1.0.npy
0,90,80,0.3,2.0,0.004945310137511662,0.9142411302315764,0.03780907713083363,1.2265954737895086,1.900992780849832,results\images\proj_angle0_kvp90_dist80_noise0.3_blur2.0.npy
0,90,80,0.6,0.0,0.003698694996810341,0.9245708498684552,0.031057621235704616,1.2265954737895086,1.742665256168861,results\images\proj_angle0_kvp90_dist80_noise0.6_blur0.0.npy
0,90,80,0.6,1.0,0.004026061782671647,0.9219143618031074,0.032929024840630206,1.2265954737895086,1.7707024643623568,results\images\proj_angle0_kvp90_dist80_noise0.6_blur1.0.npy
0,90,80,0.6,2.0,0.004945062216859273,0.9142552338367482,0.037808555840565326,1.2265954737895086,1.9116945798165648,results\images\proj_angle0_kvp90_dist80_noise0.6_blur2.0.npy
0,90,100,0.0,0.0,0.001261491083887463,0.8835324220840305,0.011238168241106905,1.2265954737895086,1.6327574359787742,results\images\proj_angle0_kvp90_dist100_noise0.0_blur0.0.npy
0,90,100,0.0,1.0,0.0015047989091514975,0.8752382800966241,0.021196947680437006,1.2265954737895086,2.0090657939705903,results\images\proj_angle0_kvp90_dist100_noise0.0_blur1.0.npy
0,90,100,0.0,2.0,0.0020324125126331485,0.8603915406992928,0.03491449299326632,1.2265954737895086,2.469910047245902,results\images\proj_angle0_kvp90_dist100_noise0.0_blur2.0.npy
0,90,100,0.3,0.0,0.001265484041821341,0.8812736376944682,0.015073690685728386,1.2265954737895086,1.6702748159944507,results\images\proj_angle0_kvp90_dist100_noise0.3_blur0.0.npy
0,90,100,0.3,1.0,0.0015049570875154189,0.8751014130818593,0.022169396213373126,1.2265954737895086,2.0263820198288363,results\images\proj_angle0_kvp90_dist100_noise0.3_blur1.0.npy
0,90,100,0.3,2.0,0.0020327198489040917,0.8603670075933647,0.03518158562401501,1.2265954737895086,2.4809195016802863,results\images\proj_angle0_kvp90_dist100_noise0.3_blur2.0.npy
0,90,100,0.6,0.0,0.0012663777316979622,0.8797705093606846,0.01633671199296278,1.2265954737895086,1.718659879480962,results\images\proj_angle0_kvp90_dist100_noise0.6_blur0.0.npy
0,90,100,0.6,1.0,0.001504419932504658,0.8749894155125786,0.022469058101562748,1.2265954737895086,2.0356719617853916,results\images\proj_angle0_kvp90_dist100_noise0.6_blur1.0.npy
0,90,100,0.6,2.0,0.002033479234984047,0.8604374835768009,0.0352966700813469,1.2265954737895086,2.4886065535426414,results\images\proj_angle0_kvp90_dist100_noise0.6_blur2.0.npy
0,90,120,0.0,0.0,0.035966035618303055,0.793794413640187,0.02422651221020384,1.2265954737895086,1.9306499219762032,results\images\proj_angle0_kvp90_dist120_noise0.0_blur0.0.npy
0,90,120,0.0,1.0,0.03640422727670051,0.7862019066014344,0.030231107187436802,1.2265954737895086,2.4371869391971273,results\images\proj_angle0_kvp90_dist120_noise0.0_blur1.0.npy
0,90,120,0.0,2.0,0.03729294108585114,0.7731958779045968,0.039056893253719485,1.2265954737895086,2.8547035001876973,results\images\proj_angle0_kvp90_dist120_noise0.0_blur2.0.npy
0,90,120,0.3,0.0,0.035980022446746286,0.7921074926644373,0.0295157680716112,1.2265954737895086,2.246982089644742,results\images\proj_angle0_kvp90_dist120_noise0.3_blur0.0.npy
0,90,120,0.3,1.0,0.03640274486288374,0.7860833322325167,0.03182296249740539,1.2265954737895086,2.499136358082884,results\images\proj_angle0_kvp90_dist120_noise0.3_blur1.0.npy
0,90,120,0.3,2.0,0.037293612078498364,0.7732387155483307,0.03951148182584188,1.2265954737895086,2.8926388854429144,results\images\proj_angle0_kvp90_dist120_noise0.3_blur2.0.npy
0,90,120,0.6,0.0,0.03598069895054893,0.7908969932174301,0.03130745956483267,1.2265954737895086,2.393326445035879,results\images\proj_angle0_kvp90_dist120_noise0.6_blur0.0.npy
0,90,120,0.6,1.0,0.03640866338868373,0.7858990189631033,0.032349238812287365,1.2265954737895086,2.5316288172548336,results\images\proj_angle0_kvp90_dist120_noise0.6_blur1.0.npy
0,90,120,0.6,2.0,0.03729816691320813,0.7731468402805739,0.039666160550321544,1.2265954737895086,2.891434077150256,results\images\proj_angle0_kvp90_dist120_noise0.6_blur2.0.npy
30,50,80,0.0,0.0,0.0014443672799634797,0.8012766321741314,0.019724438150348973,1.335025703952552,0.837732834676447,results\images\proj_angle30_kvp50_dist80_noise0.0_blur0.0.npy
30,50,80,0.0,1.0,0.001541583501270833,0.7996954044515183,0.025177202474370844,1.335025703952552,0.8602930876416771,results\images\proj_angle30_kvp50_dist80_noise0.0_blur1.0.npy
30,50,80,0.0,2.0,0.0015969481981162078,0.8000303363712491,0.030468523574079587,1.335025703952552,0.9140275263269575,results\images\proj_angle30_kvp50_dist80_noise0.0_blur2.0.npy
30,50,80,0.3,0.0,0.0014442574149808505,0.8012591862397969,0.01966028915089131,1.335025703952552,0.8557120546056607,results\images\proj_angle30_kvp50_dist80_noise0.3_blur0.0.npy
30,50,80,0.3,1.0,0.0015416915336571074,0.7996836515320638,0.025164536905134455,1.335025703952552,0.8662301572817501,results\images\proj_angle30_kvp50_dist80_noise0.3_blur1.0.npy
30,50,80,0.3,2.0,0.001596487346515928,0.8000478232282927,0.030462184500384418,1.335025703952552,0.9264893978370938,results\images\proj_angle30_kvp50_dist80_noise0.3_blur2.0.npy
30,50,80,0.6,0.0,0.0014450496875179652,0.8012160066931471,0.019631016145324223,1.335025703952552,0.8656184375425469,results\images\proj_angle30_kvp50_dist80_noise0.6_blur0.0.npy
30,50,80,0.6,1.0,0.0015410801268094805,0.7997336103972782,0.025157079037423417,1.335025703952552,0.8710546544416131,results\images\proj_angle30_kvp50_dist80_noise0.6_blur1.0.npy
30,50,80,0.6,2.0,0.0015975895585252208,0.7999684569514733,0.030474938107183904,1.335025703952552,0.9275257768053473,results\images\proj_angle30_kvp50_dist80_noise0.6_blur2.0.npy
30,50,100,0.0,0.0,0.0013018927393715777,0.8606542036521572,0.01514375169563209,1.335025703952552,0.9498144431995964,results\images\proj_angle30_kvp50_dist100_noise0.0_blur0.0.npy
30,50,100,0.0,1.0,0.0012198185267401928,0.8570663274558576,0.016926294517361384,1.335025703952552,1.0785189961897457,results\images\proj_angle30_kvp50_dist100_noise0.0_blur1.0.npy
30,50,100,0.0,2.0,0.0013388576662770372,0.8503615980218053,0.030677199406909494,1.335025703952552,1.4514114898109498,results\images\proj_angle30_kvp50_dist100_noise0.0_blur2.0.npy
30,50,100,0.3,0.0,0.0013046104227490652,0.8588477632052165,0.018343743471737062,1.335025703952552,0.9543381060678535,results\images\proj_angle30_kvp50_dist100_noise0.3_blur0.0.npy
30,50,100,0.3,1.0,0.0012201992364495894,0.857027168726517,0.017839533336799107,1.335025703952552,1.1034996155349366,results\images\proj_angle30_kvp50_dist100_noise0.3_blur1.0.npy
30,50,100,0.3,2.0,0.0013386716083884727,0.8503959281916667,0.030933412543152412,1.335025703952552,1.4632978150905898,results\images\proj_angle30_kvp50_dist100_noise0.3_blur2.0.npy
30,50,100,0.6,0.0,0.001308043267327772,0.8573292761177059,0.01942851820145322,1.335025703952552,0.9603848130262335,results\images\proj_angle30_kvp50_dist100_noise0.6_blur0.0.npy
30,50,100,0.6,1.0,0.0012197791215747542,0.8568822072996579,0.018093630274120927,1.335025703952552,1.1082741935164397,results\images\proj_angle30_kvp50_dist100_noise0.6_blur1.0.npy
30,50,100,0.6,2.0,0.0013380979345852073,0.8503985049628203,0.03099761231416199,1.335025703952552,1.4667683120615231,results\images\proj_angle30_kvp50_dist100_noise0.6_blur2.0.npy
30,50,120,0.0,0.0,0.036919652328018374,0.8755718099362927,0.015703573014705305,1.335025703952552,1.213651107016617,results\images\proj_angle30_kvp50_dist120_noise0.0_blur0.0.npy
30,50,120,0.0,1.0,0.03729828387203632,0.8714532837588699,0.023585992243829824,1.335025703952552,1.4479555505396098,results\images\proj_angle30_kvp50_dist120_noise0.0_blur1.0.npy
30,50,120,0.0,2.0,0.03818386138473673,0.8651275579700609,0.03426911641355912,1.335025703952552,1.907135065468986,results\images\proj_angle30_kvp50_dist120_noise0.0_blur2.0.npy
30,50,120,0.3,0.0,0.03692726989142804,0.8740297901991796,0.020578809718210196,1.335025703952552,1.3660861705764153,results\images\proj_angle30_kvp50_dist120_noise0.3_blur0.0.npy
30,50,120,0.3,1.0,0.03729520232952392,0.8712433030563751,0.02508042970074071,1.335025703952552,1.4956215064784055,results\images\proj_angle30_kvp50_dist120_noise0.3_blur1.0.npy
30,50,120,0.3,2.0,0.03818738755756638,0.865039646991555,0.034713713051669565,1.335025703952552,1.9285763462398007,results\images\proj_angle30_kvp50_dist120_noise0.3_blur2.0.npy
30,50,120,0.6,0.0,0.03693399265890724,0.8730097802067269,0.022038859620515175,1.335025703952552,1.5314610462354923,results\images\proj_angle30_kvp50_dist120_noise0.6_blur0.0.npy
30,50,120,0.6,1.0,0.03728875167684749,0.8712288129401504,0.02561005400415649,1.335025703952552,1.502753794818229,results\images\proj_angle30_kvp50_dist120_noise0.6_blur1.0.npy
30,50,120,0.6,2.0,0.0381766768943272,0.8650272365734751,0.03487084966855675,1.335025703952552,1.9367142559337556,results\images\proj_angle30_kvp50_dist120_noise0.6_blur2.0.npy
30,60,80,0.0,0.0,0.0007989000745563593,0.8979330280948971,0.021137013065984166,1.335025703952552,0.986245202095287,results\images\proj_angle30_kvp60_dist80_noise0.0_blur0.0.npy
30,60,80,0.0,1.0,0.0010822255636912322,0.8943057798372445,0.026920854247532038,1.335025703952552,0.9737452020952869,results\images\proj_angle30_kvp60_dist80_noise0.0_blur1.0.npy
30,60,80,0.0,2.0,0.0014404833139802556,0.891767284269334,0.03139650958644183,1.335025703952552,1.06354745106244,results\images\proj_angle30_kvp60_dist80_noise0.0_blur2.0.npy
30,60,80,0.3,0.0,0.0007987895786006074,0.8978559959660871,0.02105525943518324,1.335025703952552,1.02787533872248,results\images\proj_angle30_kvp60_dist80_noise0.3_blur0.0.npy
30,60,80,0.3,1.0,0.001082205900163238,0.8943393493422636,0.026908533974199005,1.335025703952552,0.9811347981345117,results\images\proj_angle30_kvp60_dist80_noise0.3_blur1.0.npy
30,60,80,0.3,2.0,0.0014400530629457386,0.8917736762553286,0.03138761060833567,1.335025703952552,1.0653499233934631,results\images\proj_angle30_kvp60_dist80_noise0.3_blur2.0.npy
30,60,80,0.6,0.0,0.0007996980267779149,0.897800172156521,0.021017032636803996,1.335025703952552,1.0315887558556947,results\images\proj_angle30_kvp60_dist80_noise0.6_blur0.0.npy
30,60,80,0.6,1.0,0.001082425550971512,0.8943501276931217,0.026913183338734985,1.335025703952552,0.9840768541815861,results\images\proj_angle30_kvp60_dist80_noise0.6_blur1.0.npy
30,60,80,0.6,2.0,0.0014405844664706286,0.8917886245954181,0.03139616258908712,1.335025703952552,1.0659497670863465,results\images\proj_angle30_kvp60_dist80_noise0.6_blur2.0.npy
30,60,100,0.0,0.0,0.00032721788364670527,0.9610192302536834,0.006938748392713023,1.335025703952552,1.0929951611149589,results\images\proj_angle30_kvp60_dist100_noise0.0_blur0.0.npy
30,60,100,0.0,1.0,0.0003580808287755627,0.9563957737933048,0.014200593512214255,1.335025703952552,1.3339679480996853,results\images\proj_angle30_kvp60_dist100_noise0.0_blur1.0.npy
30,60,100,0.0,2.0,0.000623012057222635,0.9464990568076008,0.028828216838519438,1.335025703952552,1.7582428273545798,results\images\proj_angle30_kvp60_dist100_noise0.0_blur2.0.npy
30,60,100,0.3,0.0,0.00033031557380835204,0.9591046122762715,0.01021688060747962,1.335025703952552,1.1165232750119705,results\images\proj_angle30_kvp60_dist100_noise0.3_blur0.0.npy
30,60,100,0.3,1.0,0.00035831321308045017,0.9562816141492948,0.015125840114218128,1.335025703952552,1.3547565368261607,results\images\proj_angle30_kvp60_dist100_noise0.3_blur1.0.npy
30,60,100,0.3,2.0,0.000622869039236159,0.9464845754757695,0.029083402887181052,1.335025703952552,1.7736363001719804,results\images\proj_angle30_kvp60_dist100_noise0.3_blur2.0.npy
30,60,100,0.6,0.0,0.0003323392620216296,0.9576520045096865,0.011303387851955407,1.335025703952552,1.1414728791730808,results\images\proj_angle30_kvp60_dist100_noise0.6_blur0.0.npy
30,60,100,0.6,1.0,0.0003588246405811389,0.9561839088113171,0.015371334978836209,1.335025703952552,1.3597534628119288,results\images\proj_angle30_kvp60_dist100_noise0.6_blur1.0.npy
30,60,100,0.6,2.0,0.0006232206277112283,0.9465527382339379,0.029179850525420065,1.335025703952552,1.7767091413473022,results\images\proj_angle30_kvp60_dist100_noise0.6_blur2.0.npy
30,60,120,0.0,0.0,0.0359493542631663,0.9543910636101216,0.014925498344204063,1.335025703952552,1.4529650644472085,results\images\proj_angle30_kvp60_dist120_noise0.0_blur0.0.npy
30,60,120,0.0,1.0,0.0363398925551031,0.9492561450171536,0.022415367675834984,1.335025703952552,1.7888948785986496,results\images\proj_angle30_kvp60_dist120_noise0.0_blur1.0.npy
30,60,120,0.0,2.0,0.03723760651836007,0.9394569728316945,0.03347663565989076,1.335025703952552,2.365997040432907,results\images\proj_angle30_kvp60_dist120_noise0.0_blur2.0.npy
30,60,120,0.3,0.0,0.03594875841693556,0.9528709457762724,0.019908550723276068,1.335025703952552,1.6586634582585509,results\images\proj_angle30_kvp60_dist120_noise0.3_blur0.0.npy
30,60,120,0.3,1.0,0.03634557402417385,0.9490761043467271,0.024009225607158204,1.335025703952552,1.8224226521679214,results\images\proj_angle30_kvp60_dist120_noise0.3_blur1.0.npy
30,60,120,0.3,2.0,0.03723822487214225,0.9394370558007374,0.033898648367970026,1.335025703952552,2.3708169312669236,results\images\proj_angle30_kvp60_dist120_noise0.3_blur2.0.npy
30,60,120,0.6,0.0,0.03595109412157164,0.9516839086478874,0.021681489117333634,1.335025703952552,1.8356753190841013,results\images\proj_angle30_kvp60_dist120_noise0.6_blur0.0.npy
30,60,120,0.6,1.0,0.03634556101076784,0.9488935607250587,0.024569858058665357,1.335025703952552,1.8366979324771706,results\images\proj_angle30_kvp60_dist120_noise0.6_blur1.0.npy
30,60,120,0.6,2.0,0.03723726048324211,0.9394397265477539,0.03403907638562973,1.335025703952552,2.370810172217717,results\images\proj_angle30_kvp60_dist120_noise0.6_blur2.0.npy
30,70,80,0.0,0.0,0.0009701086161783305,0.9667334801618964,0.023458324425055334,1.335025703952552,1.2197245703769988,results\images\proj_angle30_kvp70_dist80_noise0.0_blur0.0.npy
30,70,80,0.0,1.0,0.0013461508554692856,0.9624982052181896,0.02826354900770825,1.335025703952552,1.1461468879872025,results\images\proj_angle30_kvp70_dist80_noise0.0_blur1.0.npy
30,70,80,0.0,2.0,0.0019218592086619967,0.9579947965237849,0.032560756106395916,1.335025703952552,1.2772766181969866,results\images\proj_angle30_kvp70_dist80_noise0.0_blur2.0.npy
30,70,80,0.3,0.0,0.0009714218488745146,0.9666286428654353,0.023428960081060587,1.335025703952552,1.2400462206679552,results\images\proj_angle30_kvp70_dist80_noise0.3_blur0.0.npy
30,70,80,0.3,1.0,0.0013461148139562707,0.9624927592729202,0.028254669198742165,1.335025703952552,1.1485974441887672,results\images\proj_angle30_kvp70_dist80_noise0.3_blur1.0.npy
30,70,80,0.3,2.0,0.001921772265516884,0.9580035005279307,0.03255766763780668,1.335025703952552,1.286277870577013,results\images\proj_angle30_kvp70_dist80_noise0.3_blur2.0.npy
30,70,80,0.6,0.0,0.0009712696131721522,0.9665966725514308,0.02345922303806755,1.335025703952552,1.2431163325400123,results\images\proj_angle30_kvp70_dist80_noise0.6_blur0.0.npy
30,70,80,0.6,1.0,0.0013463998356679188,0.9624944231606091,0.028254717442805666,1.335025703952552,1.1542653423931386,results\images\proj_angle30_kvp70_dist80_noise0.6_blur1.0.npy
30,70,80,0.6,2.0,0.0019216749670195627,0.957954948638697,0.032554239146133465,1.335025703952552,1.2734180894256972,results\images\proj_angle30_kvp70_dist80_noise0.6_blur2.0.npy
30,70,100,0.0,0.0,0.0,1.0,0.0,1.335025703952552,1.335025703952552,results\images\proj_angle30_kvp70_dist100_noise0.0_blur0.0.npy
30,70,100,0.0,1.0,0.00010700171889239116,0.9944805553407451,0.013089707514154725,1.335025703952552,1.5918336445534247,results\images\proj_angle30_kvp70_dist100_noise0.0_blur1.0.npy
30,70,100,0.0,2.0,0.00047728618153787024,0.9815112119724018,0.02883724986895686,1.335025703952552,2.077334386871007,results\images\proj_angle30_kvp70_dist100_noise0.0_blur2.0.npy
30,70,100,0.3,0.0,3.3072132051589608e-06,0.9979353925661792,0.004732315048732914,1.335025703952552,1.3655362930852506,results\images\proj_angle30_kvp70_dist100_noise0.3_blur0.0.npy
30,70,100,0.3,1.0,0.00010732139926186485,0.9943751307310263,0.014060579135571426,1.335025703952552,1.6031484775372393,results\images\proj_angle30_kvp70_dist100_noise0.3_blur1.0.npy
30,70,100,0.3,2.0,0.00047734124343701875,0.9815113155457031,0.02911378334474582,1.335025703952552,2.0935677043730276,results\images\proj_angle30_kvp70_dist100_noise0.3_blur2.0.npy
30,70,100,0.6,0.0,5.865936199702571e-06,0.9963290204361589,0.006272074676507046,1.335025703952552,1.3910335536087397,results\images\proj_angle30_kvp70_dist100_noise0.6_blur0.0.npy
30,70,100,0.6,1.0,0.00010750016250130599,0.9942797099869094,0.014395923041103794,1.335025703952552,1.6086017397873562,results\images\proj_angle30_kvp70_dist100_noise0.6_blur1.0.npy
30,70,100,0.6,2.0,0.0004772944408947789,0.9815107761741295,0.029203795529706946,1.335025703952552,2.0939604468329005,results\images\proj_angle30_kvp70_dist100_noise0.6_blur2.0.npy
30,70,120,0.0,0.0,0.035502471670927696,0.9541441674415462,0.016986142425722453,1.335025703952552,1.7084796258752797,results\images\proj_angle30_kvp70_dist120_noise0.0_blur0.0.npy
30,70,120,0.0,1.0,0.03589456910992139,0.9481453998060558,0.02384134448354823,1.335025703952552,2.111364717447874,results\images\proj_angle30_kvp70_dist120_noise0.0_blur1.0.npy
30,70,120,0.0,2.0,0.03678903921040966,0.935339058830229,0.03456314024555396,1.335025703952552,2.574937422447433,results\images\proj_angle30_kvp70_dist120_noise0.0_blur2.0.npy
30,70,120,0.3,0.0,0.035498460133442294,0.9525830464464696,0.02214521512984812,1.335025703952552,1.9505537815665877,results\images\proj_angle30_kvp70_dist120_noise0.3_blur0.0.npy
30,70,120,0.3,1.0,0.035892780964070045,0.9479382178762203,0.0254330407023964,1.335025703952552,2.124542695854105,results\images\proj_angle30_kvp70_dist120_noise0.3_blur1.0.npy
30,70,120,0.3,2.0,0.036791555650983514,0.9352731507162892,0.035015431223720944,1.335025703952552,2.5861502344376928,results\images\proj_angle30_kvp70_dist120_noise0.3_blur2.0.npy
30,70,120,0.6,0.0,0.0354932739828669,0.9514756600283544,0.023791974923764996,1.335025703952552,2.0976485755561702,results\images\proj_angle30_kvp70_dist120_noise0.6_blur0.0.npy
30,70,120,0.6,1.0,0.03589637824305614,0.9477998163511249,0.025965136482886446,1.335025703952552,2.149834751869312,results\images\proj_angle30_kvp70_dist120_noise0.6_blur1.0.npy
30,70,120,0.6,2.0,0.03678397152517364,0.9353180867094149,0.03517538803415257,1.335025703952552,2.5959718642416787,results\images\proj_angle30_kvp70_dist120_noise0.6_blur2.0.npy
30,80,80,0.0,0.0,0.001901840949898944,0.9733578524063912,0.02575656423468177,1.335025703952552,1.3686198135562322,results\images\proj_angle30_kvp80_dist80_noise0.0_blur0.0.npy
30,80,80,0.0,1.0,0.00219565874259194,0.9708462297773806,0.028871697078234324,1.335025703952552,1.4464200822682867,results\images\proj_angle30_kvp80_dist80_noise0.0_blur1.0.npy
30,80,80,0.0,2.0,0.0029691032945323654,0.9643104300849571,0.033213872364399696,1.335025703952552,1.6191998952157434,results\images\proj_angle30_kvp80_dist80_noise0.0_blur2.0.npy
30,80,80,0.3,0.0,0.0019014488868401287,0.9732487233288286,0.02603347744446185,1.335025703952552,1.4145379814027024,results\images\proj_angle30_kvp80_dist80_noise0.3_blur0.0.npy
30,80,80,0.3,1.0,0.0021960148552081786,0.9708253608538351,0.028904916012073793,1.335025703952552,1.4493763832074165,results\images\proj_angle30_kvp80_dist80_noise0.3_blur1.0.npy
30,80,80,0.3,2.0,0.0029694866858434622,0.9643020227220338,0.03321517153593482,1.335025703952552,1.617582302128386,results\images\proj_angle30_kvp80_dist80_noise0.3_blur2.0.npy
30,80,80,0.6,0.0,0.001900985426794029,0.9731732282869028,0.026186512617265793,1.335025703952552,1.4249643689043914,results\images\proj_angle30_kvp80_dist80_noise0.6_blur0.0.npy
30,80,80,0.6,1.0,0.002194803608576751,0.9708290806777374,0.028929524287058934,1.335025703952552,1.454817123574889,results\images\proj_angle30_kvp80_dist80_noise0.6_blur1.0.npy
30,80,80,0.6,2.0,0.0029677623327154833,0.9643118012372938,0.03321249854538795,1.335025703952552,1.6221869746538038,results\images\proj_angle30_kvp80_dist80_noise0.6_blur2.0.npy
30,80,100,0.0,0.0,0.00032089957177808254,0.9658149116599214,0.006021419481839985,1.335025703952552,1.5157017915223059,results\images\proj_angle30_kvp80_dist100_noise0.0_blur0.0.npy
30,80,100,0.0,1.0,0.00047985719865580967,0.9598651127959266,0.016194446965528186,1.335025703952552,1.8641246483268845,results\images\proj_angle30_kvp80_dist100_noise0.0_blur1.0.npy
30,80,100,0.0,2.0,0.0009254586152471966,0.9450768406738418,0.03087131417123601,1.335025703952552,2.354734204457354,results\images\proj_angle30_kvp80_dist100_noise0.0_blur2.0.npy
30,80,100,0.3,0.0,0.0003239392633281534,0.9636936265154888,0.009744120010781836,1.335025703952552,1.5539107422255831,results\images\proj_angle30_kvp80_dist100_noise0.3_blur0.0.npy
30,80,100,0.3,1.0,0.0004796060310731876,0.9597314324942592,0.017115276768026336,1.335025703952552,1.8769115903788764,results\images\proj_angle30_kvp80_dist100_noise0.3_blur1.0.npy
30,80,100,0.3,2.0,0.0009256681105560682,0.9451028133793384,0.03114771017763615,1.335025703952552,2.384451256276681,results\images\proj_angle30_kvp80_dist100_noise0.3_blur2.0.npy
30,80,100,0.6,0.0,0.00032649524098149246,0.9620696486096407,0.011050802634161326,1.335025703952552,1.593488565248721,results\images\proj_angle30_kvp80_dist100_noise0.6_blur0.0.npy
30,80,100,0.6,1.0,0.0004803075305392613,0.9596342530618975,0.01747142758268884,1.335025703952552,1.882137439433915,results\images\proj_angle30_kvp80_dist100_noise0.6_blur1.0.npy
30,80,100,0.6,2.0,0.0009261275287960509,0.945074688420451,0.031235084159993733,1.335025703952552,2.3817405911717158,results\images\proj_angle30_kvp80_dist100_noise0.6_blur2.0.npy
30,80,120,0.0,0.0,0.03554104808862456,0.8864972391310022,0.0208355735417046,1.335025703952552,2.004829588923528,results\images\proj_angle30_kvp80_dist120_noise0.0_blur0.0.npy
30,80,120,0.0,1.0,0.03592872851423494,0.8804673853472538,0.026735624923472326,1.335025703952552,2.341628648749617,results\images\proj_angle30_kvp80_dist120_noise0.0_blur1.0.npy
30,80,120,0.0,2.0,0.03681037095073425,0.8669084354963756,0.036560563103657656,1.335025703952552,2.6816094601023006,results\images\proj_angle30_kvp80_dist120_noise0.0_blur2.0.npy
30,80,120,0.3,0.0,0.03554101505766735,0.8848675208369975,0.026007594667826702,1.335025703952552,2.2384292128403374,results\images\proj_angle30_kvp80_dist120_noise0.3_blur0.0.npy
30,80,120,0.3,1.0,0.03592441353679639,0.8803448045458049,0.028298640446507747,1.335025703952552,2.3742376446498827,results\images\proj_angle30_kvp80_dist120_noise0.3_blur1.0.npy
30,80,120,0.3,2.0,0.03681053586576787,0.8668894403819148,0.037013574312412534,1.335025703952552,2.720115422778159,results\images\proj_angle30_kvp80_dist120_noise0.3_blur2.0.npy
30,80,120,0.6,0.0,0.03553211106395719,0.8836369523200178,0.027737441087619136,1.335025703952552,2.3607471222593137,results\images\proj_angle30_kvp80_dist120_noise0.6_blur0.0.npy
30,80,120,0.6,1.0,0.03592101072337024,0.8802219794436364,0.028804878858982134,1.335025703952552,2.4036700114338125,results\images\proj_angle30_kvp80_dist120_noise0.6_blur1.0.npy
30,80,120,0.6,2.0,0.0368105413097394,0.8668597901196525,0.03714695549441307,1.335025703952552,2.7357950453525404,results\images\proj_angle30_kvp80_dist120_noise0.6_blur2.0.npy
30,90,80,0.0,0.0,0.0035618490818203645,0.9250656020693939,0.029173668410814986,1.335025703952552,1.6693860748046856,results\images\proj_angle30_kvp90_dist80_noise0.0_blur0.0.npy
30,90,80,0.0,1.0,0.003922609168379741,0.922051282252223,0.03165060025848117,1.335025703952552,1.783422864989779,results\images\proj_angle30_kvp90_dist80_noise0.0_blur1.0.npy
30,90,80,0.0,2.0,0.004846344063989859,0.9143299374491418,0.03765173950492211,1.335025703952552,1.8847118531643683,results\images\proj_angle30_kvp90_dist80_noise0.0_blur2.0.npy
30,90,80,0.3,0.0,0.003560878223154146,0.9249578012284154,0.029365291300191703,1.335025703952552,1.7275639740596347,results\images\proj_angle30_kvp90_dist80_noise0.3_blur0.0.npy
30,90,80,0.3,1.0,0.003920964106168823,0.9220343196212957,0.03166552180677318,1.335025703952552,1.7930114858217698,results\images\proj_angle30_kvp90_dist80_noise0.3_blur1.0.npy
30,90,80,0.3,2.0,0.004846703189039469,0.9143124736941071,0.037653790692872245,1.335025703952552,1.8945757026374523,results\images\proj_angle30_kvp90_dist80_noise0.3_blur2.0.npy
30,90,80,0.6,0.0,0.003563300439593787,0.9247988199466557,0.029490485198411732,1.335025703952552,1.741570485679543,results\images\proj_angle30_kvp90_dist80_noise0.6_blur0.0.npy
30,90,80,0.6,1.0,0.003923649669464756,0.9220037555022103,0.031686740831755,1.335025703952552,1.8074039261534738,results\images\proj_angle30_kvp90_dist80_noise0.6_blur1.0.npy
30,90,80,0.6,2.0,0.0048464340664524895,0.914320987342191,0.03765047482553992,1.335025703952552,1.9009280184835537,results\images\proj_angle30_kvp90_dist80_noise0.6_blur2.0.npy
30,90,100,0.0,0.0,0.0012575046738020445,0.8835361462387393,0.011237733298912644,1.335025703952552,1.673365106887081,results\images\proj_angle30_kvp90_dist100_noise0.0_blur0.0.npy
30,90,100,0.0,1.0,0.0014520237482058638,0.8777505067791336,0.020036295820318628,1.335025703952552,2.0651653639867007,results\images\proj_angle30_kvp90_dist100_noise0.0_blur1.0.npy
30,90,100,0.0,2.0,0.0019506975083455952,0.8628857318943538,0.03316976477071876,1.335025703952552,2.5408865246007295,results\images\proj_angle30_kvp90_dist100_noise0.0_blur2.0.npy
30,90,100,0.3,0.0,0.0012612710657110746,0.8812864303557432,0.01498318622139408,1.335025703952552,1.7337838819483504,results\images\proj_angle30_kvp90_dist100_noise0.3_blur0.0.npy
30,90,100,0.3,1.0,0.0014513341494179488,0.8776483418298036,0.02096071556620874,1.335025703952552,2.098870603909746,results\images\proj_angle30_kvp90_dist100_noise0.3_blur1.0.npy
30,90,100,0.3,2.0,0.0019511976407532556,0.8629089499743511,0.03343797796809147,1.335025703952552,2.540702126132964,results\images\proj_angle30_kvp90_dist100_noise0.3_blur2.0.npy
30,90,100,0.6,0.0,0.0012633946977840382,0.8796671820713454,0.016253599746275167,1.335025703952552,1.7883043509963221,results\images\proj_angle30_kvp90_dist100_noise0.6_blur0.0.npy
30,90,100,0.6,1.0,0.001453043943959054,0.8774784767671314,0.021285936972721207,1.335025703952552,2.119541597740583,results\images\proj_angle30_kvp90_dist100_noise0.6_blur1.0.npy
30,90,100,0.6,2.0,0.00195110376463838,0.862844039345555,0.033531951142730096,1.335025703952552,2.5514794978709023,results\images\proj_angle30_kvp90_dist100_noise0.6_blur2.0.npy
30,90,120,0.0,0.0,0.03601179855544141,0.7931150338413205,0.024538868455919266,1.335025703952552,2.1353312794495407,results\images\proj_angle30_kvp90_dist120_noise0.0_blur0.0.npy
30,90,120,0.0,1.0,0.036391620502925257,0.7875866093442914,0.029712123076509042,1.335025703952552,2.521755166309371,results\images\proj_angle30_kvp90_dist120_noise0.0_blur1.0.npy
30,90,120,0.0,2.0,0.03725457920369023,0.7748032240779094,0.03847135462573907,1.335025703952552,2.8663946973504815,results\images\proj_angle30_kvp90_dist120_noise0.0_blur2.0.npy
30,90,120,0.3,0.0,0.03601276519155526,0.7915058263421636,0.029692327786677873,1.335025703952552,2.4228833205925926,results\images\proj_angle30_kvp90_dist120_noise0.3_blur0.0.npy
30,90,120,0.3,1.0,0.03639473954918966,0.7873927533176887,0.0312490912355555,1.335025703952552,2.542392591039141,results\images\proj_angle30_kvp90_dist120_noise0.3_blur1.0.npy
30,90,120,0.3,2.0,0.03724890220421471,0.7748595713617737,0.03892163242567698,1.335025703952552,2.8979479432437647,results\images\proj_angle30_kvp90_dist120_noise0.3_blur2.0.npy
30,90,120,0.6,0.0,0.03601541801248116,0.7902482083442324,0.0314283301496763,1.335025703952552,2.5520268528066903,results\images\proj_angle30_kvp90_dist120_noise0.6_blur0.0.npy
30,90,120,0.6,1.0,0.03637653571359615,0.7871943178993327,0.03183747603012754,1.335025703952552,2.602884222209265,results\images\proj_angle30_kvp90_dist120_noise0.6_blur1.0.npy
30,90,120,0.6,2.0,0.03726133274942666,0.7748061480507846,0.03907215977899195,1.335025703952552,2.9146165024970694,results\images\proj_angle30_kvp90_dist120_noise0.6_blur2.0.npy
60,50,80,0.0,0.0,0.0014443672799634797,0.8012766321741314,0.019724438150348973,1.335025703952552,0.837732834676447,results\images\proj_angle60_kvp50_dist80_noise0.0_blur0.0.npy
60,50,80,0.0,1.0,0.001541583501270833,0.7996954044515183,0.025177202474370844,1.335025703952552,0.8602930876416771,results\images\proj_angle60_kvp50_dist80_noise0.0_blur1.0.npy
60,50,80,0.0,2.0,0.0015969481981162078,0.8000303363712491,0.030468523574079587,1.335025703952552,0.9140275263269575,results\images\proj_angle60_kvp50_dist80_noise0.0_blur2.0.npy
60,50,80,0.3,0.0,0.0014449640746901796,0.8012210940832931,0.019675391472226467,1.335025703952552,0.8532470355030783,results\images\proj_angle60_kvp50_dist80_noise0.3_blur0.0.npy
60,50,80,0.3,1.0,0.0015404243319940248,0.7997178791280146,0.025144251741386396,1.335025703952552,0.8659792644058784,results\images\proj_angle60_kvp50_dist80_noise0.3_blur1.0.npy
60,50,80,0.3,2.0,0.001597165192252677,0.7999931019007038,0.030470725107308028,1.335025703952552,0.9266640303744047,results\images\proj_angle60_kvp50_dist80_noise0.3_blur2.0.npy
60,50,80,0.6,0.0,0.001444700271892872,0.8012791603426428,0.019626784416524743,1.335025703952552,0.8602338249159477,results\images\proj_angle60_kvp50_dist80_noise0.6_blur0.0.npy
60,50,80,0.6,1.0,0.0015419717814725668,0.799647065325168,0.02517429912095203,1.335025703952552,0.8717459956359754,results\images\proj_angle60_kvp50_dist80_noise0.6_blur1.0.npy
60,50,80,0.6,2.0,0.0015966779497979928,0.8000541970593009,0.030465060367388518,1.335025703952552,0.9278587491079426,results\images\proj_angle60_kvp50_dist80_noise0.6_blur2.0.npy
60,50,100,0.0,0.0,0.0013018927393715777,0.8606542036521572,0.01514375169563209,1.335025703952552,0.9498144431995964,results\images\proj_angle60_kvp50_dist100_noise0.0_blur0.0.npy
60,50,100,0.0,1.0,0.0012198185267401928,0.8570663274558576,0.016926294517361384,1.335025703952552,1.0785189961897457,results\images\proj_angle60_kvp50_dist100_noise0.0_blur1.0.npy
60,50,100,0.0,2.0,0.0013388576662770372,0.8503615980218053,0.030677199406909494,1.335025703952552,1.4514114898109498,results\images\proj_angle60_kvp50_dist100_noise0.0_blur2.0.npy
60,50,100,0.3,0.0,0.001304660682317263,0.8587673907254356,0.018372114217602573,1.335025703952552,0.9533325016589652,results\images\proj_angle60_kvp50_dist100_noise0.3_blur0.0.npy
60,50,100,0.3,1.0,0.0012202494952972126,0.856997466965812,0.017859155882497396,1.335025703952552,1.1005044343091643,results\images\proj_angle60_kvp50_dist100_noise0.3_blur1.0.npy
60,50,100,0.3,2.0,0.0013385727776519603,0.850352305436645,0.030935202023652582,1.335025703952552,1.4652777442445661,results\images\proj_angle60_kvp50_dist100_noise0.3_blur2.0.npy
60,50,100,0.6,0.0,0.0013076327553264142,0.8574876085095449,0.019275632709244737,1.335025703952552,0.9558247370578856,results\images\proj_angle60_kvp50_dist100_noise0.6_blur0.0.npy
60,50,100,0.6,1.0,0.0012202034097898266,0.8568203007979202,0.018181309616646796,1.335025703952552,1.107460834375526,results\images\proj_angle60_kvp50_dist100_noise0.6_blur1.0.npy
60,50,100,0.6,2.0,0.0013390646613976533,0.8503462257600293,0.03102623005212743,1.335025703952552,1.465808254479819,results\images\proj_angle60_kvp50_dist100_noise0.6_blur2.0.npy
60,50,120,0.0,0.0,0.036919652328018374,0.8755718099362927,0.015703573014705305,1.335025703952552,1.213651107016617,results\images\proj_angle60_kvp50_dist120_noise0.0_blur0.0.npy
60,50,120,0.0,1.0,0.03729828387203632,0.8714532837588699,0.023585992243829824,1.335025703952552,1.4479555505396098,results\images\proj_angle60_kvp50_dist120_noise0.0_blur1.0.npy
60,50,120,0.0,2.0,0.03818386138473673,0.8651275579700609,0.03426911641355912,1.335025703952552,1.907135065468986,results\images\proj_angle60_kvp50_dist120_noise0.0_blur2.0.npy
60,50,120,0.3,0.0,0.03692370691883309,0.8740666084090483,0.020523625157130902,1.335025703952552,1.3472375016970146,results\images\proj_angle60_kvp50_dist120_noise0.3_blur0.0.npy
60,50,120,0.3,1.0,0.03730814699420819,0.8713126941386671,0.025117568939097765,1.335025703952552,1.5018489557038954,results\images\proj_angle60_kvp50_dist120_noise0.3_blur1.0.npy
60,50,120,0.3,2.0,0.03817303847113259,0.8651185030827734,0.03473051781895847,1.335025703952552,1.9253301938039502,results\images\proj_angle60_kvp50_dist120_noise0.3_blur2.0.npy
60,50,120,0.6,0.0,0.03692978024073982,0.8729580564556357,0.022101878647431468,1.335025703952552,1.5408609438205736,results\images\proj_angle60_kvp50_dist120_noise0.6_blur0.0.npy
60,50,120,0.6,1.0,0.037297731731292576,0.8711690212540215,0.025574838767160477,1.335025703952552,1.502957375889956,results\images\proj_angle60_kvp50_dist120_noise0.6_blur1.0.npy
60,50,120,0.6,2.0,0.038192198497554314,0.865020692713345,0.03484865312335896,1.335025703952552,1.9374205492048329,results\images\proj_angle60_kvp50_dist120_noise0.6_blur2.0.npy
60,60,80,0.0,0.0,0.0007989000745563593,0.8979330280948971,0.021137013065984166,1.335025703952552,0.986245202095287,results\images\proj_angle60_kvp60_dist80_noise0.0_blur0.0.npy
60,60,80,0.0,1.0,0.0010822255636912322,0.8943057798372445,0.026920854247532038,1.335025703952552,0.9737452020952869,results\images\proj_angle60_kvp60_dist80_noise0.0_blur1.0.npy
60,60,80,0.0,2.0,0.0014404833139802556,0.891767284269334,0.03139650958644183,1.335025703952552,1.06354745106244,results\images\proj_angle60_kvp60_dist80_noise0.0_blur2.0.npy
60,60,80,0.3,0.0,0.0007989477609711502,0.8978759037972013,0.021068601345556316,1.335025703952552,1.0247104699836425,results\images\proj_angle60_kvp60_dist80_noise0.3_blur0.0.npy
60,60,80,0.3,1.0,0.0010825984997506095,0.8943071341239698,0.026916203561791356,1.335025703952552,0.9834696550736777,results\images\proj_angle60_kvp60_dist80_noise0.3_blur1.0.npy
60,60,80,0.3,2.0,0.0014402119465631237,0.891763814608008,0.031393264285163695,1.335025703952552,1.0651456681408806,results\images\proj_angle60_kvp60_dist80_noise0.3_blur2.0.npy
60,60,80,0.6,0.0,0.000798939561810511,0.897921808045715,0.021013478198522513,1.335025703952552,1.034624760129539,results\images\proj_angle60_kvp60_dist80_noise0.6_blur0.0.npy
60,60,80,0.6,1.0,0.001082229668972456,0.894299098855948,0.02690564038177863,1.335025703952552,0.983999165581823,results\images\proj_angle60_kvp60_dist80_noise0.6_blur1.0.npy
60,60,80,0.6,2.0,0.001440095371994239,0.891782379026974,0.03138882418802327,1.335025703952552,1.0661040022213233,results\images\proj_angle60_kvp60_dist80_noise0.6_blur2.0.npy
60,60,100,0.0,0.0,0.00032721788364670527,0.9610192302536834,0.006938748392713023,1.335025703952552,1.0929951611149589,results\images\proj_angle60_kvp60_dist100_noise0.0_blur0.0.npy
60,60,100,0.0,1.0,0.0003580808287755627,0.9563957737933048,0.014200593512214255,1.335025703952552,1.3339679480996853,results\images\proj_angle60_kvp60_dist100_noise0.0_blur1.0.npy
60,60,100,0.0,2.0,0.000623012057222635,0.9464990568076008,0.028828216838519438,1.335025703952552,1.7582428273545798,results\images\proj_angle60_kvp60_dist100_noise0.0_blur2.0.npy
60,60,100,0.3,0.0,0.0003303184618439622,0.959069255182232,0.010171878115606494,1.335025703952552,1.113906041858831,results\images\proj_angle60_kvp60_dist100_noise0.3_blur0.0.npy
60,60,100,0.3,1.0,0.00035844622460288935,0.9562825826896559,0.01513266297641478,1.335025703952552,1.3509679945122277,results\images\proj_angle60_kvp60_dist100_noise0.3_blur1.0.npy
60,60,100,0.3,2.0,0.0006228520639280954,0.9464932871252482,0.029082665782685656,1.335025703952552,1.773157073119083,results\images\proj_angle60_kvp60_dist100_noise0.3_blur2.0.npy
60,60,100,0.6,0.0,0.00033304464932079495,0.9575595530917526,0.011344986193825082,1.335025703952552,1.1385269097932431,results\images\proj_angle60_kvp60_dist100_noise0.6_blur0.0.npy
60,60,100,0.6,1.0,0.0003581459382668373,0.9562682485808558,0.0153702625004234,1.335025703952552,1.353548410766837,results\images\proj_angle60_kvp60_dist100_noise0.6_blur1.0.npy
60,60,100,0.6,2.0,0.000622243145772689,0.946503379089858,0.029141298660489652,1.335025703952552,1.7774193962603202,results\images\proj_angle60_kvp60_dist100_noise0.6_blur2.0.npy
60,60,120,0.0,0.0,0.0359493542631663,0.9543910636101216,0.014925498344204063,1.335025703952552,1.4529650644472085,results\images\proj_angle60_kvp60_dist120_noise0.0_blur0.0.npy
60,60,120,0.0,1.0,0.0363398925551031,0.9492561450171536,0.022415367675834984,1.335025703952552,1.7888948785986496,results\images\proj_angle60_kvp60_dist120_noise0.0_blur1.0.npy
60,60,120,0.0,2.0,0.03723760651836007,0.9394569728316945,0.03347663565989076,1.335025703952552,2.365997040432907,results\images\proj_angle60_kvp60_dist120_noise0.0_blur2.0.npy
60,60,120,0.3,0.0,0.035948227187003565,0.9528335413629273,0.020031825046157237,1.335025703952552,1.6695465123332636,results\images\proj_angle60_kvp60_dist120_noise0.3_blur0.0.npy
60,60,120,0.3,1.0,0.03635152795622609,0.9490639836143498,0.0240078160581904,1.335025703952552,1.826125308427534,results\images\proj_angle60_kvp60_dist120_noise0.3_blur1.0.npy
60,60,120,0.3,2.0,0.037241976649879806,0.9394252039322926,0.033935080187564776,1.335025703952552,2.370189209317453,results\images\proj_angle60_kvp60_dist120_noise0.3_blur2.0.npy
60,60,120,0.6,0.0,0.0359566771280624,0.9516288544639819,0.021755669933218577,1.335025703952552,1.8386608607352881,results\images\proj_angle60_kvp60_dist120_noise0.6_blur0.0.npy
60,60,120,0.6,1.0,0.03633433991418145,0.9489025358008917,0.02449783207021754,1.335025703952552,1.841793347327806,results\images\proj_angle60_kvp60_dist120_noise0.6_blur1.0.npy
60,60,120,0.6,2.0,0.037244823929254184,0.9394136490936276,0.03404724302124163,1.335025703952552,2.3726044116527545,results\images\proj_angle60_kvp60_dist120_noise0.6_blur2.0.npy
60,70,80,0.0,0.0,0.0009701086161783305,0.9667334801618964,0.023458324425055334,1.335025703952552,1.2197245703769988,results\images\proj_angle60_kvp70_dist80_noise0.0_blur0.0.npy
60,70,80,0.0,1.0,0.0013461508554692856,0.9624982052181896,0.02826354900770825,1.335025703952552,1.1461468879872025,results\images\proj_angle60_kvp70_dist80_noise0.0_blur1.0.npy
60,70,80,0.0,2.0,0.0019218592086619967,0.9579947965237849,0.032560756106395916,1.335025703952552,1.2772766181969866,results\images\proj_angle60_kvp70_dist80_noise0.0_blur2.0.npy
60,70,80,0.3,0.0,0.0009699983574688786,0.9666439572222546,0.023417975688942265,1.335025703952552,1.2417233036546127,results\images\proj_angle60_kvp70_dist80_noise0.3_blur0.0.npy
60,70,80,0.3,1.0,0.0013459050956503764,0.962483923254583,0.028253635010563334,1.335025703952552,1.145119306913053,results\images\proj_angle60_kvp70_dist80_noise0.3_blur1.0.npy
60,70,80,0.3,2.0,0.0019215111323814165,0.9580004374718053,0.03255809509053358,1.335025703952552,1.2836296017144209,results\images\proj_angle60_kvp70_dist80_noise0.3_blur2.0.npy
60,70,80,0.6,0.0,0.0009720676109347276,0.9665554162985396,0.02346334307234627,1.335025703952552,1.244910895408531,results\images\proj_angle60_kvp70_dist80_noise0.6_blur0.0.npy
60,70,80,0.6,1.0,0.0013458471360971785,0.9624748508225364,0.028243777866445136,1.335025703952552,1.1532222438618778,results\images\proj_angle60_kvp70_dist80_noise0.6_blur1.0.npy
60,70,80,0.6,2.0,0.001921510797274205,0.9580140989265964,0.03255966266200587,1.335025703952552,1.2757920667295948,results\images\proj_angle60_kvp70_dist80_noise0.6_blur2.0.npy
60,70,100,0.0,0.0,0.0,1.0,0.0,1.335025703952552,1.335025703952552,results\images\proj_angle60_kvp70_dist100_noise0.0_blur0.0.npy
60,70,100,0.0,1.0,0.00010700171889239116,0.9944805553407451,0.013089707514154725,1.335025703952552,1.5918336445534247,results\images\proj_angle60_kvp70_dist100_noise0.0_blur1.0.npy
60,70,100,0.0,2.0,0.00047728618153787024,0.9815112119724018,0.02883724986895686,1.335025703952552,2.077334386871007,results\images\proj_angle60_kvp70_dist100_noise0.0_blur2.0.npy
60,70,100,0.3,0.0,3.329797552246052e-06,0.9979166405623837,0.0047719932348573,1.335025703952552,1.3621469728090447,results\images\proj_angle60_kvp70_dist100_noise0.3_blur0.0.npy
60,70,100,0.3,1.0,0.00010736734785798062,0.9943726036818049,0.014084718943038957,1.335025703952552,1.6061141732837039,results\images\proj_angle60_kvp70_dist100_noise0.3_blur1.0.npy
60,70,100,0.3,2.0,0.0004774276394454802,0.981507658767568,0.029096409093112015,1.335025703952552,2.0951322157618177,results\images\proj_angle60_kvp70_dist100_noise0.3_blur2.0.npy
60,70,100,0.6,0.0,5.771431771916339e-06,0.9963898348218878,0.006231825516217454,1.335025703952552,1.3878174814474755,results\images\proj_angle60_kvp70_dist100_noise0.6_blur0.0.npy
60,70,100,0.6,1.0,0.00010740672168225217,0.9942871246620197,0.014386024440444529,1.335025703952552,1.6105561125844707,results\images\proj_angle60_kvp70_dist100_noise0.6_blur1.0.npy
60,70,100,0.6,2.0,0.00047706844060520725,0.9815160402046516,0.029170775037239353,1.335025703952552,2.0972028024246483,results\images\proj_angle60_kvp70_dist100_noise0.6_blur2.0.npy
60,70,120,0.0,0.0,0.035502471670927696,0.9541441674415462,0.016986142425722453,1.335025703952552,1.7084796258752797,results\images\proj_angle60_kvp70_dist120_noise0.0_blur0.0.npy
60,70,120,0.0,1.0,0.03589456910992139,0.9481453998060558,0.02384134448354823,1.335025703952552,2.111364717447874,results\images\proj_angle60_kvp70_dist120_noise0.0_blur1.0.npy
60,70,120,0.0,2.0,0.03678903921040966,0.935339058830229,0.03456314024555396,1.335025703952552,2.574937422447433,results\images\proj_angle60_kvp70_dist120_noise0.0_blur2.0.npy
60,70,120,0.3,0.0,0.035509726391150145,0.9525359029263346,0.022169191320392537,1.335025703952552,1.959284827358679,results\images\proj_angle60_kvp70_dist120_noise0.3_blur0.0.npy
60,70,120,0.3,1.0,0.03588683291668525,0.9480080769839319,0.025387979297829873,1.335025703952552,2.1227605110378676,results\images\proj_angle60_kvp70_dist120_noise0.3_blur1.0.npy
60,70,120,0.3,2.0,0.03679978502933899,0.9353188413512246,0.03501145503187794,1.335025703952552,2.588952079624903,results\images\proj_angle60_kvp70_dist120_noise0.3_blur2.0.npy
60,70,120,0.6,0.0,0.03549168075536231,0.9513305643923785,0.023926214008669944,1.335025703952552,2.099504111847333,results\images\proj_angle60_kvp70_dist120_noise0.6_blur0.0.npy
60,70,120,0.6,1.0,0.03589373742632035,0.9478178448733318,0.025953898032035606,1.335025703952552,2.1503067673634915,results\images\proj_angle60_kvp70_dist120_noise0.6_blur1.0.npy
60,70,120,0.6,2.0,0.03679163746376949,0.9353287936469241,0.03516023514161651,1.335025703952552,2.59746887395832,results\images\proj_angle60_kvp70_dist120_noise0.6_blur2.0.npy
60,80,80,0.0,0.0,0.001901840949898944,0.9733578524063912,0.02575656423468177,1.335025703952552,1.3686198135562322,results\images\proj_angle60_kvp80_dist80_noise0.0_blur0.0.npy
60,80,80,0.0,1.0,0.00219565874259194,0.9708462297773806,0.028871697078234324,1.335025703952552,1.4464200822682867,results\images\proj_angle60_kvp80_dist80_noise0.0_blur1.0.npy
60,80,80,0.0,2.0,0.0029691032945323654,0.9643104300849571,0.033213872364399696,1.335025703952552,1.6191998952157434,results\images\proj_angle60_kvp80_dist80_noise0.0_blur2.0.npy
60,80,80,0.3,0.0,0.001902610389681626,0.97323957258937,0.026051759387532375,1.335025703952552,1.4120516679136925,results\images\proj_angle60_kvp80_dist80_noise0.3_blur0.0.npy
60,80,80,0.3,1.0,0.002196318821696101,0.9708247193817879,0.02891346039744115,1.335025703952552,1.4477240221429144,results\images\proj_angle60_kvp80_dist80_noise0.3_blur1.0.npy
60,80,80,0.3,2.0,0.0029703740747689853,0.9642940840740633,0.03322081981217807,1.335025703952552,1.6188890574331967,results\images\proj_angle60_kvp80_dist80_noise0.3_blur2.0.npy
60,80,80,0.6,0.0,0.001900727720152752,0.9731797516419459,0.026189266949267605,1.335025703952552,1.4293755712885168,results\images\proj_angle60_kvp80_dist80_noise0.6_blur0.0.npy
60,80,80,0.6,1.0,0.002196026816994218,0.9708109435861695,0.02892854375033726,1.335025703952552,1.4556350464896333,results\images\proj_angle60_kvp80_dist80_noise0.6_blur1.0.npy
60,80,80,0.6,2.0,0.0029682754416579995,0.964304757617656,0.033215680251219626,1.335025703952552,1.6266943464308388,results\images\proj_angle60_kvp80_dist80_noise0.6_blur2.0.npy
60,80,100,0.0,0.0,0.00032089957177808254,0.9658149116599214,0.006021419481839985,1.335025703952552,1.5157017915223059,results\images\proj_angle60_kvp80_dist100_noise0.0_blur0.0.npy
60,80,100,0.0,1.0,0.00047985719865580967,0.9598651127959266,0.016194446965528186,1.335025703952552,1.8641246483268845,results\images\proj_angle60_kvp80_dist100_noise0.0_blur1.0.npy
60,80,100,0.0,2.0,0.0009254586152471966,0.9450768406738418,0.03087131417123601,1.335025703952552,2.354734204457354,results\images\proj_angle60_kvp80_dist100_noise0.0_blur2.0.npy
60,80,100,0.3,0.0,0.00032407337821657375,0.9636796641794788,0.009674466109814848,1.335025703952552,1.5589527104945793,results\images\proj_angle60_kvp80_dist100_noise0.3_blur0.0.npy
60,80,100,0.3,1.0,0.00048021743698723965,0.9597338685767427,0.017150786508013688,1.335025703952552,1.8761453056154183,results\images\proj_angle60_kvp80_dist100_noise0.3_blur1.0.npy
60,80,100,0.3,2.0,0.0009252986286226123,0.9450537675928339,0.031144801362177857,1.335025703952552,2.383137122901714,results\images\proj_angle60_kvp80_dist100_noise0.3_blur2.0.npy
60,80,100,0.6,0.0,0.00032662363232199506,0.9620826305852583,0.01101280842907935,1.335025703952552,1.5918800458749025,results\images\proj_angle60_kvp80_dist100_noise0.6_blur0.0.npy
60,80,100,0.6,1.0,0.0004804712674918375,0.9596533060721527,0.017477035547981183,1.335025703952552,1.8828636130491132,results\images\proj_angle60_kvp80_dist100_noise0.6_blur1.0.npy
60,80,100,0.6,2.0,0.0009256740425776305,0.9450492990291706,0.031278979405146984,1.335025703952552,2.3813155609748424,results\images\proj_angle60_kvp80_dist100_noise0.6_blur2.0.npy
60,80,120,0.0,0.0,0.03554104808862456,0.8864972391310022,0.0208355735417046,1.335025703952552,2.004829588923528,results\images\proj_angle60_kvp80_dist120_noise0.0_blur0.0.npy
60,80,120,0.0,1.0,0.03592872851423494,0.8804673853472538,0.026735624923472326,1.335025703952552,2.341628648749617,results\images\proj_angle60_kvp80_dist120_noise0.0_blur1.0.npy
60,80,120,0.0,2.0,0.03681037095073425,0.8669084354963756,0.036560563103657656,1.335025703952552,2.6816094601023006,results\images\proj_angle60_kvp80_dist120_noise0.0_blur2.0.npy
60,80,120,0.3,0.0,0.035543669243467954,0.8848650615612371,0.025960287873548336,1.335025703952552,2.2214770080495803,results\images\proj_angle60_kvp80_dist120_noise0.3_blur0.0.npy
60,80,120,0.3,1.0,0.03593321851985656,0.8802842124873618,0.02833116404921561,1.335025703952552,2.3732207394330254,results\images\proj_angle60_kvp80_dist120_noise0.3_blur1.0.npy
60,80,120,0.3,2.0,0.0368047403200507,0.8669187573311246,0.03700175206935911,1.335025703952552,2.725891400224161,results\images\proj_angle60_kvp80_dist120_noise0.3_blur2.0.npy
60,80,120,0.6,0.0,0.03555211741550676,0.883603127743072,0.027576445821549913,1.335025703952552,2.346561928673979,results\images\proj_angle60_kvp80_dist120_noise0.6_blur0.0.npy
60,80,120,0.6,1.0,0.035918041173240066,0.8801696777343482,0.02879206575451788,1.335025703952552,2.399548834606042,results\images\proj_angle60_kvp80_dist120_noise0.6_blur1.0.npy
60,80,120,0.6,2.0,0.0368086686126913,0.8669699741996022,0.03716540073625843,1.335025703952552,2.725816418234642,results\images\proj_angle60_kvp80_dist120_noise0.6_blur2.0.npy
60,90,80,0.0,0.0,0.0035618490818203645,0.9250656020693939,0.029173668410814986,1.335025703952552,1.6693860748046856,results\images\proj_angle60_kvp90_dist80_noise0.0_blur0.0.npy
60,90,80,0.0,1.0,0.003922609168379741,0.922051282252223,0.03165060025848117,1.335025703952552,1.783422864989779,results\images\proj_angle60_kvp90_dist80_noise0.0_blur1.0.npy
60,90,80,0.0,2.0,0.004846344063989859,0.9143299374491418,0.03765173950492211,1.335025703952552,1.8847118531643683,results\images\proj_angle60_kvp90_dist80_noise0.0_blur2.0.npy
60,90,80,0.3,0.0,0.0035626185753882362,0.9249362256415715,0.029359243117397682,1.335025703952552,1.7280308089997667,results\images\proj_angle60_kvp90_dist80_noise0.3_blur0.0.npy
60,90,80,0.3,1.0,0.003922310104320816,0.9220280574882981,0.03167697837575667,1.335025703952552,1.7922999145419338,results\images\proj_angle60_kvp90_dist80_noise0.3_blur1.0.npy
60,90,80,0.3,2.0,0.004846460328040541,0.9143180382641635,0.037650632748850124,1.335025703952552,1.8965751108392475,results\images\proj_angle60_kvp90_dist80_noise0.3_blur2.0.npy
60,90,80,0.6,0.0,0.003561623709893857,0.9248505257018517,0.02949906164440435,1.335025703952552,1.7385425056250534,results\images\proj_angle60_kvp90_dist80_noise0.6_blur0.0.npy
60,90,80,0.6,1.0,0.003923412455391389,0.922005005667727,0.031696272916089084,1.335025703952552,1.8033242793667887,results\images\proj_angle60_kvp90_dist80_noise0.6_blur1.0.npy
60,90,80,0.6,2.0,0.004845147737991429,0.9143430127529176,0.037651370613156245,1.335025703952552,1.9036228921785199,results\images\proj_angle60_kvp90_dist80_noise0.6_blur2.0.npy
60,90,100,0.0,0.0,0.0012575046738020445,0.8835361462387393,0.011237733298912644,1.335025703952552,1.673365106887081,results\images\proj_angle60_kvp90_dist100_noise0.0_blur0.0.npy
60,90,100,0.0,1.0,0.0014520237482058638,0.8777505067791336,0.020036295820318628,1.335025703952552,2.0651653639867007,results\images\proj_angle60_kvp90_dist100_noise0.0_blur1.0.npy
60,90,100,0.0,2.0,0.0019506975083455952,0.8628857318943538,0.03316976477071876,1.335025703952552,2.5408865246007295,results\images\proj_angle60_kvp90_dist100_noise0.0_blur2.0.npy
60,90,100,0.3,0.0,0.0012610310552432285,0.8813346002845315,0.014959063920680589,1.335025703952552,1.7343558422634544,results\images\proj_angle60_kvp90_dist100_noise0.3_blur0.0.npy
60,90,100,0.3,1.0,0.0014526891345504611,0.87766163629828,0.020977703043946402,1.335025703952552,2.1030011664164996,results\images\proj_angle60_kvp90_dist100_noise0.3_blur1.0.npy
60,90,100,0.3,2.0,0.0019515482505261582,0.8628735113371041,0.03344906945509803,1.335025703952552,2.542914909369863,results\images\proj_angle60_kvp90_dist100_noise0.3_blur2.0.npy
60,90,100,0.6,0.0,0.001263159930010521,0.8797861706276707,0.016241242888025705,1.335025703952552,1.7780310703077569,results\images\proj_angle60_kvp90_dist100_noise0.6_blur0.0.npy
60,90,100,0.6,1.0,0.0014524818747401233,0.8775271088504771,0.02127603189078646,1.335025703952552,2.120495054520601,results\images\proj_angle60_kvp90_dist100_noise0.6_blur1.0.npy
60,90,100,0.6,2.0,0.0019508825329111116,0.8628498624897987,0.03354939768815829,1.335025703952552,2.54956752768614,results\images\proj_angle60_kvp90_dist100_noise0.6_blur2.0.npy
60,90,120,0.0,0.0,0.03601179855544141,0.7931150338413205,0.024538868455919266,1.335025703952552,2.1353312794495407,results\images\proj_angle60_kvp90_dist120_noise0.0_blur0.0.npy
60,90,120,0.0,1.0,0.036391620502925257,0.7875866093442914,0.029712123076509042,1.335025703952552,2.521755166309371,results\images\proj_angle60_kvp90_dist120_noise0.0_blur1.0.npy
60,90,120,0.0,2.0,0.03725457920369023,0.7748032240779094,0.03847135462573907,1.335025703952552,2.8663946973504815,results\images\proj_angle60_kvp90_dist120_noise0.0_blur2.0.npy
60,90,120,0.3,0.0,0.03600417690074695,0.7915436678120107,0.029655314738379412,1.335025703952552,2.4305862911025713,results\images\proj_angle60_kvp90_dist120_noise0.3_blur0.0.npy
60,90,120,0.3,1.0,0.03639469936793006,0.7873394417270569,0.031313130352493654,1.335025703952552,2.550544356401319,results\images\proj_angle60_kvp90_dist120_noise0.3_blur1.0.npy
60,90,120,0.3,2.0,0.037255291314675296,0.7747247300126505,0.0389189465609863,1.335025703952552,2.9030618617226844,results\images\proj_angle60_kvp90_dist120_noise0.3_blur2.0.npy
60,90,120,0.6,0.0,0.0360102900244617,0.7902232164874746,0.03146644652203562,1.335025703952552,2.5597049785314794,results\images\proj_angle60_kvp90_dist120_noise0.6_blur0.0.npy
60,90,120,0.6,1.0,0.03639908017923224,0.7872112689043275,0.0317762324932483,1.335025703952552,2.6003094045826933,results\images\proj_angle60_kvp90_dist120_noise0.6_blur1.0.npy
60,90,120,0.6,2.0,0.03725101033543046,0.774705644271774,0.03909547094212406,1.335025703952552,2.9199135626271446,results\images\proj_angle60_kvp90_dist120_noise0.6_blur2.0.npy
90,50,80,0.0,0.0,0.0013785050838241784,0.8027473932073483,0.017154531889169662,1.2265954737895086,0.8095594998122381,results\images\proj_angle90_kvp50_dist80_noise0.0_blur0.0.npy
90,50,80,0.0,1.0,0.00155555855113,0.8003309366046264,0.025571346729132687,1.2265954737895086,0.8602930876416771,results\images\proj_angle90_kvp50_dist80_noise0.0_blur1.0.npy
90,50,80,0.0,2.0,0.001655925216584381,0.8002286115369743,0.03165557272319086,1.2265954737895086,0.9140275263269575,results\images\proj_angle90_kvp50_dist80_noise0.0_blur2.0.npy
90,50,80,0.3,0.0,0.0013783896568975535,0.8027475195316819,0.017092608363421434,1.2265954737895086,0.8353513856782561,results\images\proj_angle90_kvp50_dist80_noise0.3_blur0.0.npy
90,50,80,0.3,1.0,0.001555745068995211,0.8002929406114795,0.02556187404074332,1.2265954737895086,0.8645048656245707,results\images\proj_angle90_kvp50_dist80_noise0.3_blur1.0.npy
90,50,80,0.3,2.0,0.0016552070255612418,0.8002231486678664,0.031645165877908304,1.2265954737895086,0.9303306578645909,results\images\proj_angle90_kvp50_dist80_noise0.3_blur2.0.npy
90,50,80,0.6,0.0,0.0013789535249198537,0.8027141587661693,0.017053426389071848,1.2265954737895086,0.8447962631509328,results\images\proj_angle90_kvp50_dist80_noise0.6_blur0.0.npy
90,50,80,0.6,1.0,0.001556102368401657,0.8003120038151008,0.025570770000244034,1.2265954737895086,0.8676956779968019,results\images\proj_angle90_kvp50_dist80_noise0.6_blur1.0.npy
90,50,80,0.6,2.0,0.0016555439841132908,0.8002467914768371,0.031645071548517936,1.2265954737895086,0.9318488125429696,results\images\proj_angle90_kvp50_dist80_noise0.6_blur2.0.npy
90,50,100,0.0,0.0,0.0013094970873426808,0.8606974693209185,0.015166930464602046,1.2265954737895086,0.836332331134527,results\images\proj_angle90_kvp50_dist100_noise0.0_blur0.0.npy
90,50,100,0.0,1.0,0.0012541824436036347,0.8553132760499592,0.01842925894061409,1.2265954737895086,1.114517719725611,results\images\proj_angle90_kvp50_dist100_noise0.0_blur1.0.npy
90,50,100,0.0,2.0,0.0014069887153348268,0.848765087673588,0.032058214763765136,1.2265954737895086,1.4357864898109498,results\images\proj_angle90_kvp50_dist100_noise0.0_blur2.0.npy
90,50,100,0.3,0.0,0.0013117687037233153,0.8589028630023359,0.018400511425164544,1.2265954737895086,0.8485388397941728,results\images\proj_angle90_kvp50_dist100_noise0.3_blur0.0.npy
90,50,100,0.3,1.0,0.0012543188106321152,0.8551935073454326,0.019348723868052854,1.2265954737895086,1.132668303157422,results\images\proj_angle90_kvp50_dist100_noise0.3_blur1.0.npy
90,50,100,0.3,2.0,0.0014068912547220659,0.8487531261312213,0.032318476066119886,1.2265954737895086,1.4590348442752232,results\images\proj_angle90_kvp50_dist100_noise0.3_blur2.0.npy
90,50,100,0.6,0.0,0.001314964231992493,0.8575189289869426,0.019431060775595477,1.2265954737895086,0.8580697998144601,results\images\proj_angle90_kvp50_dist100_noise0.6_blur0.0.npy
90,50,100,0.6,1.0,0.0012547170834407,0.8550789372151024,0.019634201270829224,1.2265954737895086,1.127751078321136,results\images\proj_angle90_kvp50_dist100_noise0.6_blur1.0.npy
90,50,100,0.6,2.0,0.00140728251872058,0.8487923780386981,0.0324144771693222,1.2265954737895086,1.4660845013591692,results\images\proj_angle90_kvp50_dist100_noise0.6_blur2.0.npy
90,50,120,0.0,0.0,0.03676687737585713,0.8763050543852439,0.014077744267167569,1.2265954737895086,1.0469553687201385,results\images\proj_angle90_kvp50_dist120_noise0.0_blur0.0.npy
90,50,120,0.0,1.0,0.037212592583019136,0.8700985458515134,0.024287990200408574,1.2265954737895086,1.4558310485797021,results\images\proj_angle90_kvp50_dist120_noise0.0_blur1.0.npy
90,50,120,0.0,2.0,0.03813509977410871,0.8636746084279796,0.03505006991929928,1.2265954737895086,1.8992755707415139,results\images\proj_angle90_kvp50_dist120_noise0.0_blur2.0.npy
90,50,120,0.3,0.0,0.036771991859732914,0.874813576832208,0.01900086432317921,1.2265954737895086,1.1810918281497549,results\images\proj_angle90_kvp50_dist120_noise0.3_blur0.0.npy
90,50,120,0.3,1.0,0.03721380232490223,0.8698755642130772,0.025826797348373835,1.2265954737895086,1.47763070286846,results\images\proj_angle90_kvp50_dist120_noise0.3_blur1.0.npy
90,50,120,0.3,2.0,0.03813898638949775,0.8636208279385728,0.03552720424954017,1.2265954737895086,1.9334616368036097,results\images\proj_angle90_kvp50_dist120_noise0.3_blur2.0.npy
90,50,120,0.6,0.0,0.036777809614578875,0.8737400212362596,0.020631603770139943,1.2265954737895086,1.336826946802505,results\images\proj_angle90_kvp50_dist120_noise0.6_blur0.0.npy
90,50,120,0.6,1.0,0.037214866174253056,0.869830441037488,0.02630016261386858,1.2265954737895086,1.4885781251168644,results\images\proj_angle90_kvp50_dist120_noise0.6_blur1.0.npy
90,50,120,0.6,2.0,0.03814666122638179,0.8636264855755797,0.03565016676742294,1.2265954737895086,1.939252531800797,results\images\proj_angle90_kvp50_dist120_noise0.6_blur2.0.npy
90,60,80,0.0,0.0,0.0006900146360130767,0.9002156311974477,0.019865617836736404,1.2265954737895086,1.0516716102506267,results\images\proj_angle90_kvp60_dist80_noise0.0_blur0.0.npy
90,60,80,0.0,1.0,0.0010936611417003837,0.8951068217084999,0.02715565854305426,1.2265954737895086,1.0430039730761715,results\images\proj_angle90_kvp60_dist80_noise0.0_blur1.0.npy
90,60,80,0.0,2.0,0.0015065304313894548,0.8919265401954826,0.032636303722921436,1.2265954737895086,1.1050839831868464,results\images\proj_angle90_kvp60_dist80_noise0.0_blur2.0.npy
90,60,80,0.3,0.0,0.0006907186675033058,0.9001565980108506,0.01980563483047758,1.2265954737895086,1.0960609477153087,results\images\proj_angle90_kvp60_dist80_noise0.3_blur0.0.npy
90,60,80,0.3,1.0,0.0010935594866334226,0.8950983016227657,0.027149064234955292,1.2265954737895086,1.0317536817008384,results\images\proj_angle90_kvp60_dist80_noise0.3_blur1.0.npy
90,60,80,0.3,2.0,0.0015061184811640707,0.891921965006168,0.032630071591557334,1.2265954737895086,1.1080845432571316,results\images\proj_angle90_kvp60_dist80_noise0.3_blur2.0.npy
90,60,80,0.6,0.0,0.0006910303222109677,0.9001274597432215,0.01975649725226964,1.2265954737895086,1.1065438820952962,results\images\proj_angle90_kvp60_dist80_noise0.6_blur0.0.npy
90,60,80,0.6,1.0,0.001093827268517616,0.8950982571752436,0.02714709103805986,1.2265954737895086,1.0309941391312765,results\images\proj_angle90_kvp60_dist80_noise0.6_blur1.0.npy
90,60,80,0.6,2.0,0.0015070883378152566,0.8919534482127778,0.03264187419948477,1.2265954737895086,1.1074046223090892,results\images\proj_angle90_kvp60_dist80_noise0.6_blur2.0.npy
90,60,100,0.0,0.0,0.0003288353510366146,0.9610243298238964,0.006951598759769695,1.2265954737895086,1.0333430359321487,results\images\proj_angle90_kvp60_dist100_noise0.0_blur0.0.npy
90,60,100,0.0,1.0,0.000399052661373524,0.954313810973417,0.01630313606801792,1.2265954737895086,1.3576614898109498,results\images\proj_angle90_kvp60_dist100_noise0.0_blur1.0.npy
90,60,100,0.0,2.0,0.000697549781528589,0.9445577580730478,0.030472746620944235,1.2265954737895086,1.7426178273545798,results\images\proj_angle90_kvp60_dist100_noise0.0_blur2.0.npy
90,60,100,0.3,0.0,0.0003322823449829724,0.9590608271252407,0.010288046587249541,1.2265954737895086,1.0746490465985927,results\images\proj_angle90_kvp60_dist100_noise0.3_blur0.0.npy
90,60,100,0.3,1.0,0.00039920515796921326,0.9542062667803638,0.017196554333458333,1.2265954737895086,1.3611481085117565,results\images\proj_angle90_kvp60_dist100_noise0.3_blur1.0.npy
90,60,100,0.3,2.0,0.0006977143552591408,0.9445665539028322,0.030730728215589108,1.2265954737895086,1.7687507636435598,results\images\proj_angle90_kvp60_dist100_noise0.3_blur2.0.npy
90,60,100,0.6,0.0,0.00033434142159060904,0.9575509653449353,0.011408462687405576,1.2265954737895086,1.0968814139245748,results\images\proj_angle90_kvp60_dist100_noise0.6_blur0.0.npy
90,60,100,0.6,1.0,0.0003994977985165189,0.9541278241803424,0.017586559318404256,1.2265954737895086,1.3599295001117588,results\images\proj_angle90_kvp60_dist100_noise0.6_blur1.0.npy
90,60,100,0.6,2.0,0.0006983992285085699,0.9445351950406934,0.030853703948102787,1.2265954737895086,1.7805186055853675,results\images\proj_angle90_kvp60_dist100_noise0.6_blur2.0.npy
90,60,120,0.0,0.0,0.035838158393533215,0.9550037810545404,0.013989795839990805,1.2265954737895086,1.3952828700284658,results\images\proj_angle90_kvp60_dist120_noise0.0_blur0.0.npy
90,60,120,0.0,1.0,0.03629534096649066,0.9477379226879028,0.023141446181155774,1.2265954737895086,1.71942578184093,results\images\proj_angle90_kvp60_dist120_noise0.0_blur1.0.npy
90,60,120,0.0,2.0,0.037226211691671354,0.9378252129228221,0.034084026657258015,1.2265954737895086,2.3339714855966394,results\images\proj_angle90_kvp60_dist120_noise0.0_blur2.0.npy
90,60,120,0.3,0.0,0.03584180425562249,0.9534611178695963,0.01915785012347656,1.2265954737895086,1.5417781091856277,results\images\proj_angle90_kvp60_dist120_noise0.3_blur0.0.npy
90,60,120,0.3,1.0,0.036302004884264806,0.9475637605448975,0.024707364974155824,1.2265954737895086,1.7451849569798423,results\images\proj_angle90_kvp60_dist120_noise0.3_blur1.0.npy
90,60,120,0.3,2.0,0.03722297236635794,0.9377922177447524,0.03454929560849517,1.2265954737895086,2.3348304260168984,results\images\proj_angle90_kvp60_dist120_noise0.3_blur2.0.npy
90,60,120,0.6,0.0,0.03583986868689805,0.952263264362113,0.020917581700943582,1.2265954737895086,1.69031900244573,results\images\proj_angle90_kvp60_dist120_noise0.6_blur0.0.npy
90,60,120,0.6,1.0,0.03629507464460421,0.9474145355109719,0.0252620073757287,1.2265954737895086,1.752066063826698,results\images\proj_angle90_kvp60_dist120_noise0.6_blur1.0.npy
90,60,120,0.6,2.0,0.03722052837869575,0.9377829452491127,0.034695299514892156,1.2265954737895086,2.3341718317831943,results\images\proj_angle90_kvp60_dist120_noise0.6_blur2.0.npy
90,70,80,0.0,0.0,0.0008417237890094148,0.9696857869867858,0.022298583395618694,1.2265954737895086,1.2866976470942397,results\images\proj_angle90_kvp70_dist80_noise0.0_blur0.0.npy
90,70,80,0.0,1.0,0.001391001158337827,0.9630093647220497,0.028926388162457628,1.2265954737895086,1.1813560360806385,results\images\proj_angle90_kvp70_dist80_noise0.0_blur1.0.npy
90,70,80,0.0,2.0,0.0020222583511520257,0.9577739371833457,0.0342791293644361,1.2265954737895086,1.299944478082215,results\images\proj_angle90_kvp70_dist80_noise0.0_blur2.0.npy
90,70,80,0.3,0.0,0.000843521638722388,0.969564220890487,0.02232310334854772,1.2265954737895086,1.3214800330104932,results\images\proj_angle90_kvp70_dist80_noise0.3_blur0.0.npy
90,70,80,0.3,1.0,0.0013911646880070316,0.9629917495048911,0.028943616247485406,1.2265954737895086,1.2038596758794928,results\images\proj_angle90_kvp70_dist80_noise0.3_blur1.0.npy
90,70,80,0.3,2.0,0.002022310183572928,0.9577535756703032,0.034280113890644545,1.2265954737895086,1.3025884506462915,results\images\proj_angle90_kvp70_dist80_noise0.3_blur2.0.npy
90,70,80,0.6,0.0,0.000843168904255299,0.9695134589965403,0.022346458344444473,1.2265954737895086,1.334628516436023,results\images\proj_angle90_kvp70_dist80_noise0.6_blur0.0.npy
90,70,80,0.6,1.0,0.0013897386629287346,0.9630258295304298,0.02893232386674834,1.2265954737895086,1.2043509511523882,results\images\proj_angle90_kvp70_dist80_noise0.6_blur1.0.npy
90,70,80,0.6,2.0,0.002022058312916587,0.9577953395237018,0.03428118511895048,1.2265954737895086,1.3031024384839458,results\images\proj_angle90_kvp70_dist80_noise0.6_blur2.0.npy
90,70,100,0.0,0.0,0.0,1.0,0.0,1.2265954737895086,1.2265954737895086,results\images\proj_angle90_kvp70_dist100_noise0.0_blur0.0.npy
90,70,100,0.0,1.0,0.0001525032643971567,0.9921728034013706,0.015672218425606843,1.2265954737895086,1.5701526006604545,results\images\proj_angle90_kvp70_dist100_noise0.0_blur1.0.npy
90,70,100,0.0,2.0,0.0005551678228663702,0.9792939086530166,0.030804999136307742,1.2265954737895086,2.0866879225973527,results\images\proj_angle90_kvp70_dist100_noise0.0_blur2.0.npy
90,70,100,0.3,0.0,3.2284256965434694e-06,0.9979469034346007,0.004702356269398692,1.2265954737895086,1.2849698968831003,results\images\proj_angle90_kvp70_dist100_noise0.3_blur0.0.npy
90,70,100,0.3,1.0,0.00015291677026713763,0.9920590121351092,0.01665608091566329,1.2265954737895086,1.5937661422250553,results\images\proj_angle90_kvp70_dist100_noise0.3_blur1.0.npy
90,70,100,0.3,2.0,0.0005553855347487422,0.9792902908351571,0.031068168899000118,1.2265954737895086,2.0942218891890825,results\images\proj_angle90_kvp70_dist100_noise0.3_blur2.0.npy
90,70,100,0.6,0.0,5.61747814331128e-06,0.9964659283063932,0.006242916536320909,1.2265954737895086,1.3179602591450426,results\images\proj_angle90_kvp70_dist100_noise0.6_blur0.0.npy
90,70,100,0.6,1.0,0.00015293199449805685,0.9919557490921165,0.01701101936054357,1.2265954737895086,1.5865260845830917,results\images\proj_angle90_kvp70_dist100_noise0.6_blur1.0.npy
90,70,100,0.6,2.0,0.0005552667302071242,0.9792679168872872,0.031189347823100608,1.2265954737895086,2.0888335940508704,results\images\proj_angle90_kvp70_dist100_noise0.6_blur2.0.npy
90,70,120,0.0,0.0,0.035419936716555855,0.9548170954690876,0.016313274512489602,1.2265954737895086,1.6007373391489619,results\images\proj_angle90_kvp70_dist120_noise0.0_blur0.0.npy
90,70,120,0.0,1.0,0.0358764629173237,0.9466883681736746,0.024233581744563533,1.2265954737895086,2.0212854361761714,results\images\proj_angle90_kvp70_dist120_noise0.0_blur1.0.npy
90,70,120,0.0,2.0,0.036801137259280095,0.9337258241434346,0.035246130078688584,1.2265954737895086,2.537273725158603,results\images\proj_angle90_kvp70_dist120_noise0.0_blur2.0.npy
90,70,120,0.3,0.0,0.03542760813162395,0.9531517878473358,0.021688726922635904,1.2265954737895086,1.7764613781335072,results\images\proj_angle90_kvp70_dist120_noise0.3_blur0.0.npy
90,70,120,0.3,1.0,0.035866049610641944,0.9465265110287144,0.025823841966565335,1.2265954737895086,2.0536895888178655,results\images\proj_angle90_kvp70_dist120_noise0.3_blur1.0.npy
90,70,120,0.3,2.0,0.036812243823767146,0.9336730911411149,0.035686003187550774,1.2265954737895086,2.5580843393858186,results\images\proj_angle90_kvp70_dist120_noise0.3_blur2.0.npy
90,70,120,0.6,0.0,0.035418914275185516,0.9520024170304159,0.023396941571577925,1.2265954737895086,1.9401163784815856,results\images\proj_angle90_kvp70_dist120_noise0.6_blur0.0.npy
90,70,120,0.6,1.0,0.03588504934831609,0.9463673845113025,0.026350063471683775,1.2265954737895086,2.0738049887910357,results\images\proj_angle90_kvp70_dist120_noise0.6_blur1.0.npy
90,70,120,0.6,2.0,0.03682229217892291,0.9336580152329081,0.035844052318766265,1.2265954737895086,2.571712200021772,results\images\proj_angle90_kvp70_dist120_noise0.6_blur2.0.npy
90,80,80,0.0,0.0,0.00188257282552201,0.9750232118268884,0.025991646233046062,1.2265954737895086,1.4244152496537823,results\images\proj_angle90_kvp80_dist80_noise0.0_blur0.0.npy
90,80,80,0.0,1.0,0.0022942990730829846,0.9706914278823001,0.03025309335323831,1.2265954737895086,1.4436696677233396,results\images\proj_angle90_kvp80_dist80_noise0.0_blur1.0.npy
90,80,80,0.0,2.0,0.0030680351269362248,0.9641038425061313,0.035062505542195005,1.2265954737895086,1.5915973193156217,results\images\proj_angle90_kvp80_dist80_noise0.0_blur2.0.npy
90,80,80,0.3,0.0,0.0018833294656677257,0.9749178520266286,0.026268669419073156,1.2265954737895086,1.493188597472853,results\images\proj_angle90_kvp80_dist80_noise0.3_blur0.0.npy
90,80,80,0.3,1.0,0.0022944424257997772,0.9706745982693278,0.030285570094398,1.2265954737895086,1.4581209042327887,results\images\proj_angle90_kvp80_dist80_noise0.3_blur1.0.npy
90,80,80,0.3,2.0,0.0030670624446336495,0.9641112310265018,0.03506051210306364,1.2265954737895086,1.5943055384311207,results\images\proj_angle90_kvp80_dist80_noise0.3_blur2.0.npy
90,80,80,0.6,0.0,0.0018837388961454528,0.9748162372212695,0.0264419317855934,1.2265954737895086,1.504690198956897,results\images\proj_angle90_kvp80_dist80_noise0.6_blur0.0.npy
90,80,80,0.6,1.0,0.002294407976843678,0.9706559909111567,0.030306674157368083,1.2265954737895086,1.473798927796712,results\images\proj_angle90_kvp80_dist80_noise0.6_blur1.0.npy
90,80,80,0.6,2.0,0.003068173689907549,0.9640948440392892,0.035066784789469785,1.2265954737895086,1.5944492001851427,results\images\proj_angle90_kvp80_dist80_noise0.6_blur2.0.npy
90,80,100,0.0,0.0,0.0003220633098724878,0.9658113760382563,0.00602756738953758,1.2265954737895086,1.4079505572911115,results\images\proj_angle90_kvp80_dist100_noise0.0_blur0.0.npy
90,80,100,0.0,1.0,0.0005291479274778862,0.9574264505381044,0.01789290150918532,1.2265954737895086,1.7863995059295374,results\images\proj_angle90_kvp80_dist100_noise0.0_blur1.0.npy
90,80,100,0.0,2.0,0.0010054865117943078,0.9426897558073121,0.0327137642307207,1.2265954737895086,2.342233999313198,results\images\proj_angle90_kvp80_dist100_noise0.0_blur2.0.npy
90,80,100,0.3,0.0,0.0003257628071030768,0.9636502650790575,0.009841212290093887,1.2265954737895086,1.4575467646104558,results\images\proj_angle90_kvp80_dist100_noise0.3_blur0.0.npy
90,80,100,0.3,1.0,0.0005291236521828835,0.9573353482531404,0.018809431012054494,1.2265954737895086,1.807375256387269,results\images\proj_angle90_kvp80_dist100_noise0.3_blur1.0.npy
90,80,100,0.3,2.0,0.0010054325190353274,0.9426900748912859,0.03298535433240335,1.2265954737895086,2.343298296333436,results\images\proj_angle90_kvp80_dist100_noise0.3_blur2.0.npy
90,80,100,0.6,0.0,0.00032784860002844267,0.9621061988822848,0.011234201483496057,1.2265954737895086,1.495725805437533,results\images\proj_angle90_kvp80_dist100_noise0.6_blur0.0.npy
90,80,100,0.6,1.0,0.0005298632788739864,0.9572109524972173,0.01919674179405268,1.2265954737895086,1.8169081439896253,results\images\proj_angle90_kvp80_dist100_noise0.6_blur1.0.npy
90,80,100,0.6,2.0,0.001005849393608375,0.9426270495299784,0.033102332696553466,1.2265954737895086,2.3501571591614963,results\images\proj_angle90_kvp80_dist100_noise0.6_blur2.0.npy
90,80,120,0.0,0.0,0.035479413838748655,0.8871719553600388,0.0203370366498311,1.2265954737895086,1.813404706631405,results\images\proj_angle90_kvp80_dist120_noise0.0_blur0.0.npy
90,80,120,0.0,1.0,0.035928596136899166,0.8790406045532925,0.027106228677097062,1.2265954737895086,2.2795601449596665,results\images\proj_angle90_kvp80_dist120_noise0.0_blur1.0.npy
90,80,120,0.0,2.0,0.03683802320238341,0.8652904659465074,0.03716656970283627,1.2265954737895086,2.6894849581423927,results\images\proj_angle90_kvp80_dist120_noise0.0_blur2.0.npy
90,80,120,0.3,0.0,0.03548454380016423,0.8855305415852428,0.025590264881976535,1.2265954737895086,2.0373923388916824,results\images\proj_angle90_kvp80_dist120_noise0.3_blur0.0.npy
90,80,120,0.3,1.0,0.035923023936158704,0.8788895652049962,0.028647670496942744,1.2265954737895086,2.3175038858583545,results\images\proj_angle90_kvp80_dist120_noise0.3_blur1.0.npy
90,80,120,0.3,2.0,0.036838436765245404,0.8652939122957453,0.03764273833549148,1.2265954737895086,2.7298781660644313,results\images\proj_angle90_kvp80_dist120_noise0.3_blur2.0.npy
90,80,120,0.6,0.0,0.03547216246721614,0.8844146685052247,0.027299680282300075,1.2265954737895086,2.176883565792346,results\images\proj_angle90_kvp80_dist120_noise0.6_blur0.0.npy
90,80,120,0.6,1.0,0.03591877719768027,0.8787373007274001,0.029195094821755033,1.2265954737895086,2.3432185755088377,results\images\proj_angle90_kvp80_dist120_noise0.6_blur1.0.npy
90,80,120,0.6,2.0,0.03682924211172256,0.8652032267560182,0.037779011765508214,1.2265954737895086,2.7526406252674125,results\images\proj_angle90_kvp80_dist120_noise0.6_blur2.0.npy
90,90,80,0.0,0.0,0.003697644798558015,0.9247966871677601,0.030711549916903766,1.2265954737895086,1.6334789151515494,results\images\proj_angle90_kvp90_dist80_noise0.0_blur0.0.npy
90,90,80,0.0,1.0,0.004024464410255543,0.9219809591075439,0.03286036532064071,1.2265954737895086,1.7383850505846268,results\images\proj_angle90_kvp90_dist80_noise0.0_blur1.0.npy
90,90,80,0.0,2.0,0.0049458512079345665,0.9142252856767068,0.037803127331112435,1.2265954737895086,1.8906701032897593,results\images\proj_angle90_kvp90_dist80_noise0.0_blur2.0.npy
90,90,80,0.3,0.0,0.003699020951337453,0.9246649183826859,0.030925943275804012,1.2265954737895086,1.720050525065282,results\images\proj_angle90_kvp90_dist80_noise0.3_blur0.0.npy
90,90,80,0.3,1.0,0.00402534770359757,0.9219655629304668,0.0328993922576315,1.2265954737895086,1.7566241226438337,results\images\proj_angle90_kvp90_dist80_noise0.3_blur1.0.npy
90,90,80,0.3,2.0,0.004945699334690776,0.914220293228044,0.03780949153662274,1.2265954737895086,1.9029949193099,results\images\proj_angle90_kvp90_dist80_noise0.3_blur2.0.npy
90,90,80,0.6,0.0,0.003699514345194343,0.9245629850951232,0.03106611263125681,1.2265954737895086,1.7393741326606307,results\images\proj_angle90_kvp90_dist80_noise0.6_blur0.0.npy
90,90,80,0.6,1.0,0.004025552278541105,0.921946719082775,0.032919315918548506,1.2265954737895086,1.773595218288273,results\images\proj_angle90_kvp90_dist80_noise0.6_blur1.0.npy
90,90,80,0.6,2.0,0.004945043974769187,0.9142197815877582,0.037806371353179255,1.2265954737895086,1.9126752584923634,results\images\proj_angle90_kvp90_dist80_noise0.6_blur2.0.npy
90,90,100,0.0,0.0,0.001261491083887463,0.8835324220840305,0.011238168241106905,1.2265954737895086,1.6327574359787742,results\images\proj_angle90_kvp90_dist100_noise0.0_blur0.0.npy
90,90,100,0.0,1.0,0.0015047989091514975,0.8752382800966241,0.021196947680437006,1.2265954737895086,2.0090657939705903,results\images\proj_angle90_kvp90_dist100_noise0.0_blur1.0.npy
90,90,100,0.0,2.0,0.0020324125126331485,0.8603915406992928,0.03491449299326632,1.2265954737895086,2.469910047245902,results\images\proj_angle90_kvp90_dist100_noise0.0_blur2.0.npy
90,90,100,0.3,0.0,0.0012661600789274866,0.8813374276876234,0.015027311870870065,1.2265954737895086,1.6724424118331025,results\images\proj_angle90_kvp90_dist100_noise0.3_blur0.0.npy
90,90,100,0.3,1.0,0.001505563269728828,0.8750773886001485,0.02216331251338181,1.2265954737895086,2.02702162958053,results\images\proj_angle90_kvp90_dist100_noise0.3_blur1.0.npy
90,90,100,0.3,2.0,0.0020324234959238734,0.8604422552581447,0.035194570713883135,1.2265954737895086,2.487847950292028,results\images\proj_angle90_kvp90_dist100_noise0.3_blur2.0.npy
90,90,100,0.6,0.0,0.001268235383430048,0.8797870490557966,0.016331385830317527,1.2265954737895086,1.717784327300406,results\images\proj_angle90_kvp90_dist100_noise0.6_blur0.0.npy
90,90,100,0.6,1.0,0.0015042534463716268,0.8750771382686622,0.022487830088045863,1.2265954737895086,2.037449042562841,results\images\proj_angle90_kvp90_dist100_noise0.6_blur1.0.npy
90,90,100,0.6,2.0,0.0020335297949030775,0.8603507002234763,0.03528154407645062,1.2265954737895086,2.4940204049678205,results\images\proj_angle90_kvp90_dist100_noise0.6_blur2.0.npy
90,90,120,0.0,0.0,0.035966035618303055,0.793794413640187,0.02422651221020384,1.2265954737895086,1.9306499219762032,results\images\proj_angle90_kvp90_dist120_noise0.0_blur0.0.npy
90,90,120,0.0,1.0,0.03640422727670051,0.7862019066014344,0.030231107187436802,1.2265954737895086,2.4371869391971273,results\images\proj_angle90_kvp90_dist120_noise0.0_blur1.0.npy
90,90,120,0.0,2.0,0.03729294108585114,0.7731958779045968,0.039056893253719485,1.2265954737895086,2.8547035001876973,results\images\proj_angle90_kvp90_dist120_noise0.0_blur2.0.npy
90,90,120,0.3,0.0,0.03596853136934919,0.7920859704739716,0.029635802055256504,1.2265954737895086,2.260222363517377,results\images\proj_angle90_kvp90_dist120_noise0.3_blur0.0.npy
90,90,120,0.3,1.0,0.03640406814883426,0.786048066973568,0.03187355545345268,1.2265954737895086,2.501802237598568,results\images\proj_angle90_kvp90_dist120_noise0.3_blur1.0.npy
90,90,120,0.3,2.0,0.037292880767982914,0.7731006722832755,0.03952219638538366,1.2265954737895086,2.8899630818467896,results\images\proj_angle90_kvp90_dist120_noise0.3_blur2.0.npy
90,90,120,0.6,0.0,0.03597397284921147,0.7909239243719547,0.031300889657862256,1.2265954737895086,2.389312233336454,results\images\proj_angle90_kvp90_dist120_noise0.6_blur0.0.npy
90,90,120,0.6,1.0,0.03640282915587844,0.7858198707014318,0.03238646919726698,1.2265954737895086,2.531674175706015,results\images\proj_angle90_kvp90_dist120_noise0.6_blur1.0.npy
90,90,120,0.6,2.0,0.03730419481637838,0.7732113121601358,0.03965191891113148,1.2265954737895086,2.890451251028122,results\images\proj_angle90_kvp90_dist120_noise0.6_blur2.0.npy
